date,price
01.01.2023 00:00,2.01
01.01.2023 01:00,1.38
01.01.2023 02:00,0.09
01.01.2023 03:00,0.08
01.01.2023 04:00,0.05
01.01.2023 05:00,0.00
01.01.2023 06:00,-0.38
01.01.2023 07:00,0.00
01.01.2023 08:00,0.00
01.01.2023 09:00,0.04
01.01.2023 10:00,0.80
01.01.2023 11:00,0.08
01.01.2023 12:00,0.04
01.01.2023 13:00,0.00
01.01.2023 14:00,0.85
01.01.2023 15:00,23.53
01.01.2023 16:00,36.54
01.01.2023 17:00,46.03
01.01.2023 18:00,55.57
01.01.2023 19:00,54.95
01.01.2023 20:00,49.23
01.01.2023 21:00,44.99
01.01.2023 22:00,45.96
01.01.2023 23:00,35.00
02.01.2023 00:00,57.91
02.01.2023 01:00,51.67
02.01.2023 02:00,52.93
02.01.2023 03:00,44.16
02.01.2023 04:00,50.08
02.01.2023 05:00,77.09
02.01.2023 06:00,105.08
02.01.2023 07:00,140.64
02.01.2023 08:00,145.98
02.01.2023 09:00,147.05
02.01.2023 10:00,145.61
02.01.2023 11:00,143.35
02.01.2023 12:00,144.38
02.01.2023 13:00,143.76
02.01.2023 14:00,148.20
02.01.2023 15:00,155.34
02.01.2023 16:00,162.89
02.01.2023 17:00,170.00
02.01.2023 18:00,174.74
02.01.2023 19:00,164.46
02.01.2023 20:00,153.00
02.01.2023 21:00,141.67
02.01.2023 22:00,134.91
02.01.2023 23:00,124.22
03.01.2023 00:00,130.01
03.01.2023 01:00,120.00
03.01.2023 02:00,118.76
03.01.2023 03:00,115.00
03.01.2023 04:00,113.63
03.01.2023 05:00,116.27
03.01.2023 06:00,138.92
03.01.2023 07:00,159.92
03.01.2023 08:00,169.17
03.01.2023 09:00,171.18
03.01.2023 10:00,168.57
03.01.2023 11:00,169.49
03.01.2023 12:00,164.50
03.01.2023 13:00,160.91
03.01.2023 14:00,163.06
03.01.2023 15:00,167.73
03.01.2023 16:00,166.61
03.01.2023 17:00,170.72
03.01.2023 18:00,168.93
03.01.2023 19:00,160.99
03.01.2023 20:00,149.62
03.01.2023 21:00,130.99
03.01.2023 22:00,114.27
03.01.2023 23:00,93.66
04.01.2023 00:00,80.89
04.01.2023 01:00,70.67
04.01.2023 02:00,40.00
04.01.2023 03:00,8.68
04.01.2023 04:00,0.85
04.01.2023 05:00,11.02
04.01.2023 06:00,61.02
04.01.2023 07:00,79.20
04.01.2023 08:00,84.20
04.01.2023 09:00,83.32
04.01.2023 10:00,70.07
04.01.2023 11:00,79.74
04.01.2023 12:00,80.89
04.01.2023 13:00,79.72
04.01.2023 14:00,80.22
04.01.2023 15:00,79.74
04.01.2023 16:00,80.82
04.01.2023 17:00,86.16
04.01.2023 18:00,72.28
04.01.2023 19:00,66.61
04.01.2023 20:00,43.20
04.01.2023 21:00,31.25
04.01.2023 22:00,34.96
04.01.2023 23:00,9.09
05.01.2023 00:00,0.09
05.01.2023 01:00,0.10
05.01.2023 02:00,0.12
05.01.2023 03:00,0.12
05.01.2023 04:00,2.23
05.01.2023 05:00,10.07
05.01.2023 06:00,61.04
05.01.2023 07:00,87.19
05.01.2023 08:00,95.84
05.01.2023 09:00,125.55
05.01.2023 10:00,131.92
05.01.2023 11:00,143.07
05.01.2023 12:00,140.91
05.01.2023 13:00,142.58
05.01.2023 14:00,151.03
05.01.2023 15:00,159.48
05.01.2023 16:00,172.73
05.01.2023 17:00,194.70
05.01.2023 18:00,194.67
05.01.2023 19:00,177.98
05.01.2023 20:00,163.99
05.01.2023 21:00,152.00
05.01.2023 22:00,144.64
05.01.2023 23:00,127.00
06.01.2023 00:00,107.21
06.01.2023 01:00,101.10
06.01.2023 02:00,96.73
06.01.2023 03:00,82.34
06.01.2023 04:00,81.93
06.01.2023 05:00,84.03
06.01.2023 06:00,97.25
06.01.2023 07:00,106.51
06.01.2023 08:00,120.70
06.01.2023 09:00,116.86
06.01.2023 10:00,112.85
06.01.2023 11:00,113.37
06.01.2023 12:00,115.00
06.01.2023 13:00,109.78
06.01.2023 14:00,119.71
06.01.2023 15:00,125.83
06.01.2023 16:00,139.57
06.01.2023 17:00,155.22
06.01.2023 18:00,150.09
06.01.2023 19:00,146.15
06.01.2023 20:00,139.10
06.01.2023 21:00,131.80
06.01.2023 22:00,129.94
06.01.2023 23:00,121.30
07.01.2023 00:00,97.15
07.01.2023 01:00,98.43
07.01.2023 02:00,96.05
07.01.2023 03:00,87.97
07.01.2023 04:00,82.99
07.01.2023 05:00,83.59
07.01.2023 06:00,90.76
07.01.2023 07:00,103.21
07.01.2023 08:00,111.86
07.01.2023 09:00,112.00
07.01.2023 10:00,100.00
07.01.2023 11:00,88.32
07.01.2023 12:00,87.90
07.01.2023 13:00,94.05
07.01.2023 14:00,88.98
07.01.2023 15:00,85.56
07.01.2023 16:00,94.10
07.01.2023 17:00,96.81
07.01.2023 18:00,99.52
07.01.2023 19:00,94.58
07.01.2023 20:00,87.86
07.01.2023 21:00,61.47
07.01.2023 22:00,50.00
07.01.2023 23:00,38.25
08.01.2023 00:00,10.93
08.01.2023 01:00,9.07
08.01.2023 02:00,9.10
08.01.2023 03:00,4.16
08.01.2023 04:00,5.58
08.01.2023 05:00,9.92
08.01.2023 06:00,9.02
08.01.2023 07:00,16.47
08.01.2023 08:00,49.42
08.01.2023 09:00,82.80
08.01.2023 10:00,93.70
08.01.2023 11:00,103.87
08.01.2023 12:00,101.69
08.01.2023 13:00,99.00
08.01.2023 14:00,104.29
08.01.2023 15:00,103.64
08.01.2023 16:00,109.11
08.01.2023 17:00,118.04
08.01.2023 18:00,122.61
08.01.2023 19:00,109.11
08.01.2023 20:00,103.93
08.01.2023 21:00,98.43
08.01.2023 22:00,99.37
08.01.2023 23:00,81.34
09.01.2023 00:00,75.13
09.01.2023 01:00,64.38
09.01.2023 02:00,60.28
09.01.2023 03:00,39.41
09.01.2023 04:00,47.25
09.01.2023 05:00,69.07
09.01.2023 06:00,107.13
09.01.2023 07:00,160.00
09.01.2023 08:00,180.00
09.01.2023 09:00,177.14
09.01.2023 10:00,159.07
09.01.2023 11:00,160.57
09.01.2023 12:00,140.56
09.01.2023 13:00,137.67
09.01.2023 14:00,143.57
09.01.2023 15:00,151.02
09.01.2023 16:00,161.96
09.01.2023 17:00,174.34
09.01.2023 18:00,182.18
09.01.2023 19:00,170.24
09.01.2023 20:00,160.51
09.01.2023 21:00,138.93
09.01.2023 22:00,132.00
09.01.2023 23:00,108.31
10.01.2023 00:00,106.02
10.01.2023 01:00,96.71
10.01.2023 02:00,95.14
10.01.2023 03:00,90.36
10.01.2023 04:00,95.61
10.01.2023 05:00,108.60
10.01.2023 06:00,138.13
10.01.2023 07:00,154.73
10.01.2023 08:00,165.33
10.01.2023 09:00,160.42
10.01.2023 10:00,154.73
10.01.2023 11:00,146.45
10.01.2023 12:00,141.22
10.01.2023 13:00,141.68
10.01.2023 14:00,145.41
10.01.2023 15:00,145.92
10.01.2023 16:00,140.11
10.01.2023 17:00,146.34
10.01.2023 18:00,138.80
10.01.2023 19:00,124.44
10.01.2023 20:00,106.15
10.01.2023 21:00,86.53
10.01.2023 22:00,81.30
10.01.2023 23:00,42.96
11.01.2023 00:00,5.00
11.01.2023 01:00,0.16
11.01.2023 02:00,0.08
11.01.2023 03:00,0.01
11.01.2023 04:00,0.04
11.01.2023 05:00,2.75
11.01.2023 06:00,57.88
11.01.2023 07:00,91.11
11.01.2023 08:00,127.44
11.01.2023 09:00,126.54
11.01.2023 10:00,127.63
11.01.2023 11:00,124.81
11.01.2023 12:00,117.47
11.01.2023 13:00,110.54
11.01.2023 14:00,115.74
11.01.2023 15:00,117.70
11.01.2023 16:00,119.20
11.01.2023 17:00,128.28
11.01.2023 18:00,128.76
11.01.2023 19:00,122.70
11.01.2023 20:00,114.56
11.01.2023 21:00,93.47
11.01.2023 22:00,91.71
11.01.2023 23:00,68.54
12.01.2023 00:00,19.88
12.01.2023 01:00,5.55
12.01.2023 02:00,4.69
12.01.2023 03:00,0.10
12.01.2023 04:00,2.73
12.01.2023 05:00,24.94
12.01.2023 06:00,85.72
12.01.2023 07:00,111.55
12.01.2023 08:00,106.83
12.01.2023 09:00,97.83
12.01.2023 10:00,99.81
12.01.2023 11:00,101.10
12.01.2023 12:00,100.19
12.01.2023 13:00,99.64
12.01.2023 14:00,100.77
12.01.2023 15:00,102.13
12.01.2023 16:00,101.43
12.01.2023 17:00,112.01
12.01.2023 18:00,119.49
12.01.2023 19:00,100.79
12.01.2023 20:00,99.35
12.01.2023 21:00,84.77
12.01.2023 22:00,70.43
12.01.2023 23:00,39.57
13.01.2023 00:00,32.64
13.01.2023 01:00,16.99
13.01.2023 02:00,9.00
13.01.2023 03:00,2.65
13.01.2023 04:00,3.35
13.01.2023 05:00,25.26
13.01.2023 06:00,54.74
13.01.2023 07:00,87.88
13.01.2023 08:00,105.95
13.01.2023 09:00,100.64
13.01.2023 10:00,94.85
13.01.2023 11:00,84.93
13.01.2023 12:00,76.53
13.01.2023 13:00,70.24
13.01.2023 14:00,73.55
13.01.2023 15:00,79.85
13.01.2023 16:00,85.31
13.01.2023 17:00,96.90
13.01.2023 18:00,96.97
13.01.2023 19:00,95.91
13.01.2023 20:00,84.94
13.01.2023 21:00,76.89
13.01.2023 22:00,76.51
13.01.2023 23:00,68.30
14.01.2023 00:00,25.68
14.01.2023 01:00,34.62
14.01.2023 02:00,44.70
14.01.2023 03:00,41.23
14.01.2023 04:00,40.70
14.01.2023 05:00,40.68
14.01.2023 06:00,45.10
14.01.2023 07:00,53.40
14.01.2023 08:00,53.63
14.01.2023 09:00,56.89
14.01.2023 10:00,66.72
14.01.2023 11:00,65.56
14.01.2023 12:00,65.39
14.01.2023 13:00,62.69
14.01.2023 14:00,42.15
14.01.2023 15:00,19.92
14.01.2023 16:00,9.04
14.01.2023 17:00,11.04
14.01.2023 18:00,13.69
14.01.2023 19:00,6.84
14.01.2023 20:00,9.03
14.01.2023 21:00,9.07
14.01.2023 22:00,5.90
14.01.2023 23:00,5.19
15.01.2023 00:00,3.94
15.01.2023 01:00,1.71
15.01.2023 02:00,4.10
15.01.2023 03:00,2.65
15.01.2023 04:00,2.87
15.01.2023 05:00,4.01
15.01.2023 06:00,1.58
15.01.2023 07:00,1.74
15.01.2023 08:00,9.08
15.01.2023 09:00,10.31
15.01.2023 10:00,9.01
15.01.2023 11:00,8.03
15.01.2023 12:00,6.76
15.01.2023 13:00,0.42
15.01.2023 14:00,0.29
15.01.2023 15:00,0.82
15.01.2023 16:00,13.69
15.01.2023 17:00,30.90
15.01.2023 18:00,26.95
15.01.2023 19:00,25.27
15.01.2023 20:00,12.17
15.01.2023 21:00,19.69
15.01.2023 22:00,32.14
15.01.2023 23:00,37.47
16.01.2023 00:00,60.01
16.01.2023 01:00,60.01
16.01.2023 02:00,62.72
16.01.2023 03:00,56.10
16.01.2023 04:00,63.30
16.01.2023 05:00,87.00
16.01.2023 06:00,154.63
16.01.2023 07:00,175.11
16.01.2023 08:00,185.99
16.01.2023 09:00,170.00
16.01.2023 10:00,150.20
16.01.2023 11:00,150.89
16.01.2023 12:00,147.04
16.01.2023 13:00,140.87
16.01.2023 14:00,141.24
16.01.2023 15:00,145.69
16.01.2023 16:00,150.81
16.01.2023 17:00,166.79
16.01.2023 18:00,173.72
16.01.2023 19:00,150.50
16.01.2023 20:00,136.97
16.01.2023 21:00,127.74
16.01.2023 22:00,123.24
16.01.2023 23:00,109.40
17.01.2023 00:00,98.24
17.01.2023 01:00,94.61
17.01.2023 02:00,91.91
17.01.2023 03:00,89.51
17.01.2023 04:00,91.77
17.01.2023 05:00,100.00
17.01.2023 06:00,116.96
17.01.2023 07:00,140.80
17.01.2023 08:00,151.96
17.01.2023 09:00,136.10
17.01.2023 10:00,126.17
17.01.2023 11:00,122.75
17.01.2023 12:00,116.07
17.01.2023 13:00,129.38
17.01.2023 14:00,128.88
17.01.2023 15:00,137.50
17.01.2023 16:00,159.86
17.01.2023 17:00,156.43
17.01.2023 18:00,152.00
17.01.2023 19:00,145.40
17.01.2023 20:00,139.30
17.01.2023 21:00,136.15
17.01.2023 22:00,128.55
17.01.2023 23:00,124.32
18.01.2023 00:00,119.04
18.01.2023 01:00,118.07
18.01.2023 02:00,119.21
18.01.2023 03:00,118.93
18.01.2023 04:00,116.19
18.01.2023 05:00,121.91
18.01.2023 06:00,130.39
18.01.2023 07:00,166.40
18.01.2023 08:00,181.50
18.01.2023 09:00,176.56
18.01.2023 10:00,140.00
18.01.2023 11:00,130.36
18.01.2023 12:00,122.94
18.01.2023 13:00,120.00
18.01.2023 14:00,123.66
18.01.2023 15:00,140.00
18.01.2023 16:00,147.97
18.01.2023 17:00,160.00
18.01.2023 18:00,137.48
18.01.2023 19:00,130.34
18.01.2023 20:00,120.97
18.01.2023 21:00,119.90
18.01.2023 22:00,117.51
18.01.2023 23:00,111.46
19.01.2023 00:00,111.53
19.01.2023 01:00,106.98
19.01.2023 02:00,104.97
19.01.2023 03:00,101.72
19.01.2023 04:00,99.14
19.01.2023 05:00,110.95
19.01.2023 06:00,118.22
19.01.2023 07:00,149.62
19.01.2023 08:00,159.93
19.01.2023 09:00,155.88
19.01.2023 10:00,154.81
19.01.2023 11:00,138.63
19.01.2023 12:00,150.07
19.01.2023 13:00,154.87
19.01.2023 14:00,160.49
19.01.2023 15:00,175.96
19.01.2023 16:00,186.29
19.01.2023 17:00,198.73
19.01.2023 18:00,197.57
19.01.2023 19:00,171.43
19.01.2023 20:00,150.00
19.01.2023 21:00,148.41
19.01.2023 22:00,149.34
19.01.2023 23:00,139.00
20.01.2023 00:00,146.89
20.01.2023 01:00,144.50
20.01.2023 02:00,142.44
20.01.2023 03:00,142.80
20.01.2023 04:00,144.98
20.01.2023 05:00,150.50
20.01.2023 06:00,176.01
20.01.2023 07:00,208.07
20.01.2023 08:00,235.06
20.01.2023 09:00,221.70
20.01.2023 10:00,209.77
20.01.2023 11:00,201.52
20.01.2023 12:00,189.26
20.01.2023 13:00,181.63
20.01.2023 14:00,182.36
20.01.2023 15:00,192.00
20.01.2023 16:00,200.00
20.01.2023 17:00,208.22
20.01.2023 18:00,208.40
20.01.2023 19:00,197.00
20.01.2023 20:00,175.70
20.01.2023 21:00,166.37
20.01.2023 22:00,163.10
20.01.2023 23:00,147.55
21.01.2023 00:00,144.13
21.01.2023 01:00,140.06
21.01.2023 02:00,140.19
21.01.2023 03:00,133.74
21.01.2023 04:00,131.24
21.01.2023 05:00,132.06
21.01.2023 06:00,130.47
21.01.2023 07:00,140.25
21.01.2023 08:00,152.48
21.01.2023 09:00,171.66
21.01.2023 10:00,170.01
21.01.2023 11:00,156.94
21.01.2023 12:00,147.91
21.01.2023 13:00,137.02
21.01.2023 14:00,136.58
21.01.2023 15:00,135.90
21.01.2023 16:00,144.22
21.01.2023 17:00,173.92
21.01.2023 18:00,178.89
21.01.2023 19:00,143.52
21.01.2023 20:00,138.53
21.01.2023 21:00,136.04
21.01.2023 22:00,131.88
21.01.2023 23:00,117.76
22.01.2023 00:00,127.60
22.01.2023 01:00,119.01
22.01.2023 02:00,116.77
22.01.2023 03:00,118.35
22.01.2023 04:00,122.12
22.01.2023 05:00,117.79
22.01.2023 06:00,127.60
22.01.2023 07:00,127.60
22.01.2023 08:00,137.51
22.01.2023 09:00,145.82
22.01.2023 10:00,151.28
22.01.2023 11:00,153.10
22.01.2023 12:00,146.30
22.01.2023 13:00,150.00
22.01.2023 14:00,154.90
22.01.2023 15:00,157.49
22.01.2023 16:00,171.03
22.01.2023 17:00,191.99
22.01.2023 18:00,202.07
22.01.2023 19:00,199.17
22.01.2023 20:00,174.71
22.01.2023 21:00,166.40
22.01.2023 22:00,157.35
22.01.2023 23:00,148.30
23.01.2023 00:00,148.96
23.01.2023 01:00,149.00
23.01.2023 02:00,148.40
23.01.2023 03:00,147.59
23.01.2023 04:00,149.88
23.01.2023 05:00,150.32
23.01.2023 06:00,189.96
23.01.2023 07:00,226.54
23.01.2023 08:00,257.92
23.01.2023 09:00,270.22
23.01.2023 10:00,249.94
23.01.2023 11:00,230.23
23.01.2023 12:00,220.95
23.01.2023 13:00,219.18
23.01.2023 14:00,219.69
23.01.2023 15:00,218.99
23.01.2023 16:00,224.58
23.01.2023 17:00,248.90
23.01.2023 18:00,248.07
23.01.2023 19:00,223.19
23.01.2023 20:00,203.53
23.01.2023 21:00,184.01
23.01.2023 22:00,172.09
23.01.2023 23:00,157.01
24.01.2023 00:00,164.85
24.01.2023 01:00,160.05
24.01.2023 02:00,145.90
24.01.2023 03:00,142.40
24.01.2023 04:00,153.62
24.01.2023 05:00,156.70
24.01.2023 06:00,183.61
24.01.2023 07:00,210.08
24.01.2023 08:00,251.10
24.01.2023 09:00,256.43
24.01.2023 10:00,238.66
24.01.2023 11:00,229.96
24.01.2023 12:00,217.85
24.01.2023 13:00,205.99
24.01.2023 14:00,215.28
24.01.2023 15:00,217.98
24.01.2023 16:00,224.58
24.01.2023 17:00,250.00
24.01.2023 18:00,250.00
24.01.2023 19:00,231.14
24.01.2023 20:00,207.29
24.01.2023 21:00,175.45
24.01.2023 22:00,137.53
24.01.2023 23:00,128.70
25.01.2023 00:00,124.72
25.01.2023 01:00,120.25
25.01.2023 02:00,118.41
25.01.2023 03:00,116.66
25.01.2023 04:00,116.85
25.01.2023 05:00,120.89
25.01.2023 06:00,125.27
25.01.2023 07:00,163.99
25.01.2023 08:00,165.60
25.01.2023 09:00,154.77
25.01.2023 10:00,140.67
25.01.2023 11:00,133.96
25.01.2023 12:00,131.19
25.01.2023 13:00,130.85
25.01.2023 14:00,130.50
25.01.2023 15:00,118.26
25.01.2023 16:00,133.35
25.01.2023 17:00,143.81
25.01.2023 18:00,139.52
25.01.2023 19:00,131.38
25.01.2023 20:00,150.00
25.01.2023 21:00,144.30
25.01.2023 22:00,145.08
25.01.2023 23:00,135.00
26.01.2023 00:00,150.00
26.01.2023 01:00,129.38
26.01.2023 02:00,128.48
26.01.2023 03:00,126.61
26.01.2023 04:00,128.94
26.01.2023 05:00,124.00
26.01.2023 06:00,160.39
26.01.2023 07:00,182.49
26.01.2023 08:00,198.95
26.01.2023 09:00,199.06
26.01.2023 10:00,192.38
26.01.2023 11:00,178.00
26.01.2023 12:00,136.44
26.01.2023 13:00,130.00
26.01.2023 14:00,127.96
26.01.2023 15:00,135.48
26.01.2023 16:00,153.00
26.01.2023 17:00,186.20
26.01.2023 18:00,150.00
26.01.2023 19:00,133.92
26.01.2023 20:00,128.09
26.01.2023 21:00,124.60
26.01.2023 22:00,125.19
26.01.2023 23:00,122.22
27.01.2023 00:00,135.00
27.01.2023 01:00,114.61
27.01.2023 02:00,119.74
27.01.2023 03:00,116.00
27.01.2023 04:00,124.08
27.01.2023 05:00,127.26
27.01.2023 06:00,149.70
27.01.2023 07:00,176.10
27.01.2023 08:00,195.00
27.01.2023 09:00,199.19
27.01.2023 10:00,195.00
27.01.2023 11:00,190.00
27.01.2023 12:00,183.06
27.01.2023 13:00,180.00
27.01.2023 14:00,181.50
27.01.2023 15:00,185.00
27.01.2023 16:00,188.00
27.01.2023 17:00,198.05
27.01.2023 18:00,200.70
27.01.2023 19:00,193.70
27.01.2023 20:00,181.50
27.01.2023 21:00,166.25
27.01.2023 22:00,155.12
27.01.2023 23:00,146.00
28.01.2023 00:00,139.90
28.01.2023 01:00,135.00
28.01.2023 02:00,133.32
28.01.2023 03:00,129.47
28.01.2023 04:00,125.22
28.01.2023 05:00,122.82
28.01.2023 06:00,128.80
28.01.2023 07:00,118.25
28.01.2023 08:00,116.94
28.01.2023 09:00,117.14
28.01.2023 10:00,119.03
28.01.2023 11:00,117.12
28.01.2023 12:00,112.61
28.01.2023 13:00,111.43
28.01.2023 14:00,110.66
28.01.2023 15:00,109.70
28.01.2023 16:00,112.62
28.01.2023 17:00,114.20
28.01.2023 18:00,112.66
28.01.2023 19:00,111.56
28.01.2023 20:00,109.12
28.01.2023 21:00,107.21
28.01.2023 22:00,107.12
28.01.2023 23:00,104.28
29.01.2023 00:00,106.77
29.01.2023 01:00,104.32
29.01.2023 02:00,102.11
29.01.2023 03:00,101.49
29.01.2023 04:00,101.18
29.01.2023 05:00,101.95
29.01.2023 06:00,100.84
29.01.2023 07:00,101.95
29.01.2023 08:00,102.20
29.01.2023 09:00,102.89
29.01.2023 10:00,99.18
29.01.2023 11:00,97.50
29.01.2023 12:00,95.66
29.01.2023 13:00,94.38
29.01.2023 14:00,94.08
29.01.2023 15:00,94.05
29.01.2023 16:00,94.35
29.01.2023 17:00,94.95
29.01.2023 18:00,91.42
29.01.2023 19:00,91.16
29.01.2023 20:00,91.01
29.01.2023 21:00,85.00
29.01.2023 22:00,79.83
29.01.2023 23:00,64.36
30.01.2023 00:00,45.00
30.01.2023 01:00,5.90
30.01.2023 02:00,5.07
30.01.2023 03:00,2.03
30.01.2023 04:00,9.03
30.01.2023 05:00,37.47
30.01.2023 06:00,88.10
30.01.2023 07:00,93.54
30.01.2023 08:00,99.08
30.01.2023 09:00,94.84
30.01.2023 10:00,92.31
30.01.2023 11:00,88.23
30.01.2023 12:00,84.90
30.01.2023 13:00,83.38
30.01.2023 14:00,87.55
30.01.2023 15:00,86.12
30.01.2023 16:00,89.69
30.01.2023 17:00,94.15
30.01.2023 18:00,91.36
30.01.2023 19:00,92.34
30.01.2023 20:00,89.95
30.01.2023 21:00,86.85
30.01.2023 22:00,88.15
30.01.2023 23:00,89.73
31.01.2023 00:00,90.43
31.01.2023 01:00,89.70
31.01.2023 02:00,92.97
31.01.2023 03:00,93.70
31.01.2023 04:00,94.62
31.01.2023 05:00,98.48
31.01.2023 06:00,104.16
31.01.2023 07:00,114.58
31.01.2023 08:00,115.01
31.01.2023 09:00,112.54
31.01.2023 10:00,108.85
31.01.2023 11:00,101.09
31.01.2023 12:00,97.70
31.01.2023 13:00,96.53
31.01.2023 14:00,93.25
31.01.2023 15:00,93.36
31.01.2023 16:00,93.68
31.01.2023 17:00,99.98
31.01.2023 18:00,99.09
31.01.2023 19:00,95.30
31.01.2023 20:00,90.05
31.01.2023 21:00,84.12
31.01.2023 22:00,86.10
31.01.2023 23:00,69.56
01.02.2023 00:00,79.94
01.02.2023 01:00,67.55
01.02.2023 02:00,65.69
01.02.2023 03:00,66.82
01.02.2023 04:00,57.59
01.02.2023 05:00,74.96
01.02.2023 06:00,95.98
01.02.2023 07:00,110.04
01.02.2023 08:00,117.00
01.02.2023 09:00,110.46
01.02.2023 10:00,105.03
01.02.2023 11:00,101.45
01.02.2023 12:00,99.34
01.02.2023 13:00,98.53
01.02.2023 14:00,95.97
01.02.2023 15:00,98.56
01.02.2023 16:00,102.69
01.02.2023 17:00,109.12
01.02.2023 18:00,108.90
01.02.2023 19:00,100.88
01.02.2023 20:00,97.65
01.02.2023 21:00,94.75
01.02.2023 22:00,86.42
01.02.2023 23:00,78.59
02.02.2023 00:00,74.30
02.02.2023 01:00,67.77
02.02.2023 02:00,71.35
02.02.2023 03:00,76.75
02.02.2023 04:00,88.55
02.02.2023 05:00,93.11
02.02.2023 06:00,116.21
02.02.2023 07:00,139.22
02.02.2023 08:00,169.87
02.02.2023 09:00,178.20
02.02.2023 10:00,170.09
02.02.2023 11:00,167.21
02.02.2023 12:00,156.86
02.02.2023 13:00,152.74
02.02.2023 14:00,161.44
02.02.2023 15:00,163.39
02.02.2023 16:00,167.28
02.02.2023 17:00,178.17
02.02.2023 18:00,183.12
02.02.2023 19:00,172.18
02.02.2023 20:00,142.09
02.02.2023 21:00,143.54
02.02.2023 22:00,130.15
02.02.2023 23:00,103.93
03.02.2023 00:00,108.30
03.02.2023 01:00,100.27
03.02.2023 02:00,93.82
03.02.2023 03:00,87.83
03.02.2023 04:00,84.03
03.02.2023 05:00,89.02
03.02.2023 06:00,100.27
03.02.2023 07:00,107.73
03.02.2023 08:00,108.44
03.02.2023 09:00,104.26
03.02.2023 10:00,97.13
03.02.2023 11:00,99.83
03.02.2023 12:00,99.04
03.02.2023 13:00,97.17
03.02.2023 14:00,97.41
03.02.2023 15:00,102.00
03.02.2023 16:00,107.72
03.02.2023 17:00,112.40
03.02.2023 18:00,113.52
03.02.2023 19:00,108.07
03.02.2023 20:00,103.70
03.02.2023 21:00,102.95
03.02.2023 22:00,113.19
03.02.2023 23:00,107.80
04.02.2023 00:00,99.36
04.02.2023 01:00,106.25
04.02.2023 02:00,113.15
04.02.2023 03:00,121.77
04.02.2023 04:00,125.38
04.02.2023 05:00,127.44
04.02.2023 06:00,137.34
04.02.2023 07:00,156.31
04.02.2023 08:00,164.19
04.02.2023 09:00,169.83
04.02.2023 10:00,164.11
04.02.2023 11:00,156.39
04.02.2023 12:00,148.84
04.02.2023 13:00,133.37
04.02.2023 14:00,134.09
04.02.2023 15:00,141.61
04.02.2023 16:00,155.36
04.02.2023 17:00,170.29
04.02.2023 18:00,184.16
04.02.2023 19:00,179.96
04.02.2023 20:00,167.88
04.02.2023 21:00,158.13
04.02.2023 22:00,131.62
04.02.2023 23:00,108.03
05.02.2023 00:00,111.29
05.02.2023 01:00,104.44
05.02.2023 02:00,103.67
05.02.2023 03:00,101.79
05.02.2023 04:00,100.99
05.02.2023 05:00,102.62
05.02.2023 06:00,102.75
05.02.2023 07:00,105.43
05.02.2023 08:00,106.89
05.02.2023 09:00,108.27
05.02.2023 10:00,108.54
05.02.2023 11:00,107.07
05.02.2023 12:00,101.62
05.02.2023 13:00,100.69
05.02.2023 14:00,106.35
05.02.2023 15:00,112.71
05.02.2023 16:00,119.97
05.02.2023 17:00,137.05
05.02.2023 18:00,133.63
05.02.2023 19:00,131.16
05.02.2023 20:00,124.11
05.02.2023 21:00,121.83
05.02.2023 22:00,125.21
05.02.2023 23:00,126.46
06.02.2023 00:00,145.00
06.02.2023 01:00,143.73
06.02.2023 02:00,145.41
06.02.2023 03:00,142.09
06.02.2023 04:00,140.10
06.02.2023 05:00,148.93
06.02.2023 06:00,175.67
06.02.2023 07:00,200.65
06.02.2023 08:00,213.39
06.02.2023 09:00,200.65
06.02.2023 10:00,185.08
06.02.2023 11:00,179.84
06.02.2023 12:00,168.72
06.02.2023 13:00,161.16
06.02.2023 14:00,163.90
06.02.2023 15:00,170.67
06.02.2023 16:00,181.80
06.02.2023 17:00,198.94
06.02.2023 18:00,213.50
06.02.2023 19:00,205.38
06.02.2023 20:00,186.21
06.02.2023 21:00,166.48
06.02.2023 22:00,152.50
06.02.2023 23:00,154.00
07.02.2023 00:00,145.72
07.02.2023 01:00,142.12
07.02.2023 02:00,140.31
07.02.2023 03:00,139.36
07.02.2023 04:00,141.60
07.02.2023 05:00,143.44
07.02.2023 06:00,170.54
07.02.2023 07:00,198.03
07.02.2023 08:00,214.16
07.02.2023 09:00,191.85
07.02.2023 10:00,168.38
07.02.2023 11:00,125.76
07.02.2023 12:00,123.57
07.02.2023 13:00,125.60
07.02.2023 14:00,139.93
07.02.2023 15:00,171.81
07.02.2023 16:00,189.98
07.02.2023 17:00,222.26
07.02.2023 18:00,245.60
07.02.2023 19:00,229.00
07.02.2023 20:00,199.03
07.02.2023 21:00,188.18
07.02.2023 22:00,173.34
07.02.2023 23:00,163.07
08.02.2023 00:00,160.04
08.02.2023 01:00,155.15
08.02.2023 02:00,150.00
08.02.2023 03:00,147.97
08.02.2023 04:00,145.97
08.02.2023 05:00,149.10
08.02.2023 06:00,175.69
08.02.2023 07:00,196.64
08.02.2023 08:00,216.19
08.02.2023 09:00,176.00
08.02.2023 10:00,128.00
08.02.2023 11:00,118.65
08.02.2023 12:00,115.61
08.02.2023 13:00,114.88
08.02.2023 14:00,114.24
08.02.2023 15:00,125.39
08.02.2023 16:00,128.10
08.02.2023 17:00,127.81
08.02.2023 18:00,102.83
08.02.2023 19:00,96.28
08.02.2023 20:00,93.57
08.02.2023 21:00,89.41
08.02.2023 22:00,89.17
08.02.2023 23:00,85.57
09.02.2023 00:00,82.68
09.02.2023 01:00,79.13
09.02.2023 02:00,77.65
09.02.2023 03:00,77.62
09.02.2023 04:00,78.36
09.02.2023 05:00,83.04
09.02.2023 06:00,84.55
09.02.2023 07:00,92.59
09.02.2023 08:00,103.42
09.02.2023 09:00,107.88
09.02.2023 10:00,105.00
09.02.2023 11:00,96.33
09.02.2023 12:00,93.06
09.02.2023 13:00,91.15
09.02.2023 14:00,86.94
09.02.2023 15:00,86.74
09.02.2023 16:00,87.35
09.02.2023 17:00,86.96
09.02.2023 18:00,87.30
09.02.2023 19:00,85.80
09.02.2023 20:00,84.02
09.02.2023 21:00,83.49
09.02.2023 22:00,83.93
09.02.2023 23:00,83.33
10.02.2023 00:00,78.07
10.02.2023 01:00,79.59
10.02.2023 02:00,83.61
10.02.2023 03:00,85.30
10.02.2023 04:00,88.67
10.02.2023 05:00,94.97
10.02.2023 06:00,106.93
10.02.2023 07:00,166.07
10.02.2023 08:00,176.10
10.02.2023 09:00,144.08
10.02.2023 10:00,113.93
10.02.2023 11:00,99.48
10.02.2023 12:00,94.93
10.02.2023 13:00,90.19
10.02.2023 14:00,82.73
10.02.2023 15:00,81.78
10.02.2023 16:00,80.25
10.02.2023 17:00,81.08
10.02.2023 18:00,79.70
10.02.2023 19:00,77.67
10.02.2023 20:00,73.11
10.02.2023 21:00,70.94
10.02.2023 22:00,67.08
10.02.2023 23:00,45.00
11.02.2023 00:00,74.93
11.02.2023 01:00,77.62
11.02.2023 02:00,77.48
11.02.2023 03:00,77.03
11.02.2023 04:00,77.45
11.02.2023 05:00,76.10
11.02.2023 06:00,78.04
11.02.2023 07:00,78.93
11.02.2023 08:00,79.98
11.02.2023 09:00,81.56
11.02.2023 10:00,82.32
11.02.2023 11:00,81.56
11.02.2023 12:00,80.60
11.02.2023 13:00,81.12
11.02.2023 14:00,81.90
11.02.2023 15:00,80.49
11.02.2023 16:00,88.69
11.02.2023 17:00,99.97
11.02.2023 18:00,111.87
11.02.2023 19:00,108.74
11.02.2023 20:00,99.84
11.02.2023 21:00,98.20
11.02.2023 22:00,94.50
11.02.2023 23:00,94.84
12.02.2023 00:00,129.72
12.02.2023 01:00,125.49
12.02.2023 02:00,131.79
12.02.2023 03:00,127.57
12.02.2023 04:00,118.46
12.02.2023 05:00,118.89
12.02.2023 06:00,108.02
12.02.2023 07:00,116.17
12.02.2023 08:00,141.97
12.02.2023 09:00,134.97
12.02.2023 10:00,134.62
12.02.2023 11:00,120.94
12.02.2023 12:00,106.20
12.02.2023 13:00,101.67
12.02.2023 14:00,99.50
12.02.2023 15:00,98.57
12.02.2023 16:00,117.92
12.02.2023 17:00,150.91
12.02.2023 18:00,167.51
12.02.2023 19:00,134.68
12.02.2023 20:00,134.64
12.02.2023 21:00,107.08
12.02.2023 22:00,103.08
12.02.2023 23:00,98.71
13.02.2023 00:00,103.85
13.02.2023 01:00,101.15
13.02.2023 02:00,100.97
13.02.2023 03:00,103.02
13.02.2023 04:00,103.88
13.02.2023 05:00,109.90
13.02.2023 06:00,157.26
13.02.2023 07:00,196.08
13.02.2023 08:00,202.20
13.02.2023 09:00,196.20
13.02.2023 10:00,173.35
13.02.2023 11:00,141.00
13.02.2023 12:00,123.10
13.02.2023 13:00,120.00
13.02.2023 14:00,120.00
13.02.2023 15:00,121.00
13.02.2023 16:00,150.23
13.02.2023 17:00,188.06
13.02.2023 18:00,221.80
13.02.2023 19:00,206.60
13.02.2023 20:00,187.86
13.02.2023 21:00,168.92
13.02.2023 22:00,160.97
13.02.2023 23:00,150.12
14.02.2023 00:00,135.62
14.02.2023 01:00,132.32
14.02.2023 02:00,132.16
14.02.2023 03:00,132.12
14.02.2023 04:00,132.32
14.02.2023 05:00,141.93
14.02.2023 06:00,166.22
14.02.2023 07:00,199.99
14.02.2023 08:00,206.98
14.02.2023 09:00,180.60
14.02.2023 10:00,138.26
14.02.2023 11:00,139.16
14.02.2023 12:00,130.36
14.02.2023 13:00,125.41
14.02.2023 14:00,126.93
14.02.2023 15:00,132.32
14.02.2023 16:00,152.70
14.02.2023 17:00,180.81
14.02.2023 18:00,199.99
14.02.2023 19:00,192.97
14.02.2023 20:00,175.81
14.02.2023 21:00,160.09
14.02.2023 22:00,151.03
14.02.2023 23:00,141.73
15.02.2023 00:00,134.81
15.02.2023 01:00,130.95
15.02.2023 02:00,130.00
15.02.2023 03:00,130.01
15.02.2023 04:00,126.66
15.02.2023 05:00,136.53
15.02.2023 06:00,161.20
15.02.2023 07:00,185.00
15.02.2023 08:00,188.76
15.02.2023 09:00,171.22
15.02.2023 10:00,152.52
15.02.2023 11:00,132.16
15.02.2023 12:00,120.79
15.02.2023 13:00,121.45
15.02.2023 14:00,121.38
15.02.2023 15:00,128.71
15.02.2023 16:00,144.99
15.02.2023 17:00,158.80
15.02.2023 18:00,173.52
15.02.2023 19:00,159.91
15.02.2023 20:00,120.10
15.02.2023 21:00,112.07
15.02.2023 22:00,103.30
15.02.2023 23:00,93.41
16.02.2023 00:00,91.02
16.02.2023 01:00,91.65
16.02.2023 02:00,98.77
16.02.2023 03:00,96.72
16.02.2023 04:00,102.89
16.02.2023 05:00,107.15
16.02.2023 06:00,142.11
16.02.2023 07:00,166.50
16.02.2023 08:00,175.34
16.02.2023 09:00,166.44
16.02.2023 10:00,150.28
16.02.2023 11:00,132.94
16.02.2023 12:00,118.18
16.02.2023 13:00,118.63
16.02.2023 14:00,127.93
16.02.2023 15:00,134.95
16.02.2023 16:00,140.96
16.02.2023 17:00,166.00
16.02.2023 18:00,166.53
16.02.2023 19:00,154.65
16.02.2023 20:00,129.90
16.02.2023 21:00,131.14
16.02.2023 22:00,110.98
16.02.2023 23:00,103.93
17.02.2023 00:00,104.09
17.02.2023 01:00,98.22
17.02.2023 02:00,92.46
17.02.2023 03:00,86.04
17.02.2023 04:00,79.98
17.02.2023 05:00,85.95
17.02.2023 06:00,88.81
17.02.2023 07:00,94.01
17.02.2023 08:00,94.01
17.02.2023 09:00,88.99
17.02.2023 10:00,87.46
17.02.2023 11:00,85.95
17.02.2023 12:00,85.93
17.02.2023 13:00,67.63
17.02.2023 14:00,36.68
17.02.2023 15:00,33.71
17.02.2023 16:00,69.63
17.02.2023 17:00,79.92
17.02.2023 18:00,90.53
17.02.2023 19:00,85.05
17.02.2023 20:00,59.96
17.02.2023 21:00,46.90
17.02.2023 22:00,43.82
17.02.2023 23:00,22.22
18.02.2023 00:00,28.14
18.02.2023 01:00,36.44
18.02.2023 02:00,35.82
18.02.2023 03:00,44.41
18.02.2023 04:00,62.98
18.02.2023 05:00,70.10
18.02.2023 06:00,82.26
18.02.2023 07:00,88.82
18.02.2023 08:00,95.39
18.02.2023 09:00,105.30
18.02.2023 10:00,107.06
18.02.2023 11:00,102.65
18.02.2023 12:00,94.47
18.02.2023 13:00,83.29
18.02.2023 14:00,86.37
18.02.2023 15:00,91.15
18.02.2023 16:00,98.38
18.02.2023 17:00,104.88
18.02.2023 18:00,107.30
18.02.2023 19:00,107.20
18.02.2023 20:00,107.15
18.02.2023 21:00,107.39
18.02.2023 22:00,108.68
18.02.2023 23:00,113.66
19.02.2023 00:00,109.04
19.02.2023 01:00,104.12
19.02.2023 02:00,99.53
19.02.2023 03:00,93.00
19.02.2023 04:00,92.55
19.02.2023 05:00,97.78
19.02.2023 06:00,98.50
19.02.2023 07:00,107.77
19.02.2023 08:00,113.86
19.02.2023 09:00,118.32
19.02.2023 10:00,104.92
19.02.2023 11:00,100.95
19.02.2023 12:00,96.09
19.02.2023 13:00,87.99
19.02.2023 14:00,86.88
19.02.2023 15:00,91.61
19.02.2023 16:00,97.29
19.02.2023 17:00,105.15
19.02.2023 18:00,106.71
19.02.2023 19:00,100.93
19.02.2023 20:00,96.38
19.02.2023 21:00,94.57
19.02.2023 22:00,88.55
19.02.2023 23:00,86.73
20.02.2023 00:00,78.87
20.02.2023 01:00,51.06
20.02.2023 02:00,48.86
20.02.2023 03:00,34.00
20.02.2023 04:00,29.13
20.02.2023 05:00,38.24
20.02.2023 06:00,72.30
20.02.2023 07:00,78.18
20.02.2023 08:00,75.75
20.02.2023 09:00,49.92
20.02.2023 10:00,41.96
20.02.2023 11:00,23.93
20.02.2023 12:00,23.81
20.02.2023 13:00,22.01
20.02.2023 14:00,41.52
20.02.2023 15:00,52.34
20.02.2023 16:00,57.15
20.02.2023 17:00,94.99
20.02.2023 18:00,89.74
20.02.2023 19:00,86.48
20.02.2023 20:00,85.33
20.02.2023 21:00,82.54
20.02.2023 22:00,84.39
20.02.2023 23:00,68.64
21.02.2023 00:00,50.50
21.02.2023 01:00,46.01
21.02.2023 02:00,47.76
21.02.2023 03:00,53.28
21.02.2023 04:00,69.15
21.02.2023 05:00,79.30
21.02.2023 06:00,88.66
21.02.2023 07:00,97.03
21.02.2023 08:00,101.20
21.02.2023 09:00,102.04
21.02.2023 10:00,101.91
21.02.2023 11:00,101.53
21.02.2023 12:00,102.39
21.02.2023 13:00,103.53
21.02.2023 14:00,108.23
21.02.2023 15:00,130.54
21.02.2023 16:00,148.99
21.02.2023 17:00,164.85
21.02.2023 18:00,178.13
21.02.2023 19:00,177.10
21.02.2023 20:00,170.00
21.02.2023 21:00,158.80
21.02.2023 22:00,153.20
21.02.2023 23:00,142.58
22.02.2023 00:00,139.90
22.02.2023 01:00,128.53
22.02.2023 02:00,125.30
22.02.2023 03:00,128.53
22.02.2023 04:00,129.53
22.02.2023 05:00,139.19
22.02.2023 06:00,157.49
22.02.2023 07:00,173.13
22.02.2023 08:00,176.34
22.02.2023 09:00,164.55
22.02.2023 10:00,152.53
22.02.2023 11:00,136.99
22.02.2023 12:00,126.45
22.02.2023 13:00,126.08
22.02.2023 14:00,135.92
22.02.2023 15:00,150.90
22.02.2023 16:00,156.95
22.02.2023 17:00,165.01
22.02.2023 18:00,175.00
22.02.2023 19:00,172.73
22.02.2023 20:00,162.06
22.02.2023 21:00,154.02
22.02.2023 22:00,144.84
22.02.2023 23:00,134.45
23.02.2023 00:00,134.67
23.02.2023 01:00,131.39
23.02.2023 02:00,128.99
23.02.2023 03:00,124.78
23.02.2023 04:00,125.17
23.02.2023 05:00,129.93
23.02.2023 06:00,153.98
23.02.2023 07:00,170.00
23.02.2023 08:00,178.06
23.02.2023 09:00,163.96
23.02.2023 10:00,139.90
23.02.2023 11:00,119.74
23.02.2023 12:00,113.94
23.02.2023 13:00,108.31
23.02.2023 14:00,110.02
23.02.2023 15:00,110.30
23.02.2023 16:00,109.99
23.02.2023 17:00,120.61
23.02.2023 18:00,123.34
23.02.2023 19:00,111.79
23.02.2023 20:00,104.20
23.02.2023 21:00,106.71
23.02.2023 22:00,100.49
23.02.2023 23:00,97.35
24.02.2023 00:00,96.77
24.02.2023 01:00,94.99
24.02.2023 02:00,89.60
24.02.2023 03:00,89.12
24.02.2023 04:00,88.26
24.02.2023 05:00,91.35
24.02.2023 06:00,95.05
24.02.2023 07:00,100.94
24.02.2023 08:00,102.99
24.02.2023 09:00,100.36
24.02.2023 10:00,98.71
24.02.2023 11:00,97.07
24.02.2023 12:00,95.87
24.02.2023 13:00,92.32
24.02.2023 14:00,91.54
24.02.2023 15:00,91.25
24.02.2023 16:00,95.83
24.02.2023 17:00,97.43
24.02.2023 18:00,96.54
24.02.2023 19:00,89.01
24.02.2023 20:00,87.32
24.02.2023 21:00,89.49
24.02.2023 22:00,87.47
24.02.2023 23:00,78.58
25.02.2023 00:00,90.52
25.02.2023 01:00,83.14
25.02.2023 02:00,78.93
25.02.2023 03:00,75.23
25.02.2023 04:00,82.03
25.02.2023 05:00,77.97
25.02.2023 06:00,76.77
25.02.2023 07:00,84.47
25.02.2023 08:00,89.89
25.02.2023 09:00,87.02
25.02.2023 10:00,74.40
25.02.2023 11:00,54.90
25.02.2023 12:00,47.35
25.02.2023 13:00,35.05
25.02.2023 14:00,52.35
25.02.2023 15:00,67.02
25.02.2023 16:00,81.75
25.02.2023 17:00,95.45
25.02.2023 18:00,99.01
25.02.2023 19:00,99.00
25.02.2023 20:00,96.38
25.02.2023 21:00,95.99
25.02.2023 22:00,96.21
25.02.2023 23:00,96.14
26.02.2023 00:00,100.95
26.02.2023 01:00,102.73
26.02.2023 02:00,102.56
26.02.2023 03:00,104.02
26.02.2023 04:00,103.88
26.02.2023 05:00,105.33
26.02.2023 06:00,106.82
26.02.2023 07:00,109.55
26.02.2023 08:00,109.02
26.02.2023 09:00,105.54
26.02.2023 10:00,97.34
26.02.2023 11:00,92.94
26.02.2023 12:00,85.00
26.02.2023 13:00,55.00
26.02.2023 14:00,55.28
26.02.2023 15:00,85.04
26.02.2023 16:00,98.92
26.02.2023 17:00,129.90
26.02.2023 18:00,153.70
26.02.2023 19:00,156.91
26.02.2023 20:00,153.64
26.02.2023 21:00,141.64
26.02.2023 22:00,138.29
26.02.2023 23:00,132.98
27.02.2023 00:00,122.83
27.02.2023 01:00,132.91
27.02.2023 02:00,132.90
27.02.2023 03:00,125.03
27.02.2023 04:00,120.07
27.02.2023 05:00,139.83
27.02.2023 06:00,164.23
27.02.2023 07:00,186.66
27.02.2023 08:00,186.95
27.02.2023 09:00,121.80
27.02.2023 10:00,118.64
27.02.2023 11:00,115.34
27.02.2023 12:00,112.02
27.02.2023 13:00,104.35
27.02.2023 14:00,131.51
27.02.2023 15:00,132.20
27.02.2023 16:00,153.45
27.02.2023 17:00,170.69
27.02.2023 18:00,190.01
27.02.2023 19:00,197.49
27.02.2023 20:00,174.49
27.02.2023 21:00,160.30
27.02.2023 22:00,153.46
27.02.2023 23:00,149.46
28.02.2023 00:00,134.00
28.02.2023 01:00,124.82
28.02.2023 02:00,123.83
28.02.2023 03:00,124.59
28.02.2023 04:00,126.25
28.02.2023 05:00,141.41
28.02.2023 06:00,162.47
28.02.2023 07:00,177.99
28.02.2023 08:00,186.04
28.02.2023 09:00,160.31
28.02.2023 10:00,130.38
28.02.2023 11:00,121.21
28.02.2023 12:00,116.71
28.02.2023 13:00,116.33
28.02.2023 14:00,116.75
28.02.2023 15:00,130.00
28.02.2023 16:00,150.71
28.02.2023 17:00,173.13
28.02.2023 18:00,193.87
28.02.2023 19:00,193.78
28.02.2023 20:00,174.89
28.02.2023 21:00,158.27
28.02.2023 22:00,153.78
28.02.2023 23:00,142.14
01.03.2023 00:00,133.08
01.03.2023 01:00,125.46
01.03.2023 02:00,124.96
01.03.2023 03:00,127.66
01.03.2023 04:00,130.58
01.03.2023 05:00,141.35
01.03.2023 06:00,163.45
01.03.2023 07:00,186.03
01.03.2023 08:00,186.03
01.03.2023 09:00,152.90
01.03.2023 10:00,126.69
01.03.2023 11:00,118.47
01.03.2023 12:00,115.56
01.03.2023 13:00,114.12
01.03.2023 14:00,115.14
01.03.2023 15:00,119.86
01.03.2023 16:00,132.21
01.03.2023 17:00,162.74
01.03.2023 18:00,183.69
01.03.2023 19:00,178.10
01.03.2023 20:00,158.84
01.03.2023 21:00,142.27
01.03.2023 22:00,142.05
01.03.2023 23:00,131.51
02.03.2023 00:00,125.82
02.03.2023 01:00,128.57
02.03.2023 02:00,130.03
02.03.2023 03:00,131.47
02.03.2023 04:00,130.01
02.03.2023 05:00,135.58
02.03.2023 06:00,164.99
02.03.2023 07:00,181.11
02.03.2023 08:00,177.62
02.03.2023 09:00,141.44
02.03.2023 10:00,124.36
02.03.2023 11:00,116.79
02.03.2023 12:00,115.39
02.03.2023 13:00,113.64
02.03.2023 14:00,117.69
02.03.2023 15:00,128.62
02.03.2023 16:00,152.64
02.03.2023 17:00,166.38
02.03.2023 18:00,184.91
02.03.2023 19:00,159.44
02.03.2023 20:00,152.08
02.03.2023 21:00,157.56
02.03.2023 22:00,144.91
02.03.2023 23:00,139.90
03.03.2023 00:00,140.30
03.03.2023 01:00,130.18
03.03.2023 02:00,130.59
03.03.2023 03:00,128.43
03.03.2023 04:00,127.78
03.03.2023 05:00,135.00
03.03.2023 06:00,162.19
03.03.2023 07:00,187.03
03.03.2023 08:00,195.39
03.03.2023 09:00,166.48
03.03.2023 10:00,131.12
03.03.2023 11:00,123.01
03.03.2023 12:00,111.94
03.03.2023 13:00,103.61
03.03.2023 14:00,96.10
03.03.2023 15:00,91.45
03.03.2023 16:00,92.81
03.03.2023 17:00,94.66
03.03.2023 18:00,96.22
03.03.2023 19:00,95.14
03.03.2023 20:00,74.25
03.03.2023 21:00,74.20
03.03.2023 22:00,73.93
03.03.2023 23:00,82.00
04.03.2023 00:00,94.43
04.03.2023 01:00,92.21
04.03.2023 02:00,92.18
04.03.2023 03:00,92.85
04.03.2023 04:00,96.29
04.03.2023 05:00,96.98
04.03.2023 06:00,94.10
04.03.2023 07:00,98.82
04.03.2023 08:00,100.69
04.03.2023 09:00,96.89
04.03.2023 10:00,97.04
04.03.2023 11:00,94.71
04.03.2023 12:00,89.37
04.03.2023 13:00,91.26
04.03.2023 14:00,95.35
04.03.2023 15:00,101.77
04.03.2023 16:00,106.90
04.03.2023 17:00,140.00
04.03.2023 18:00,151.66
04.03.2023 19:00,143.79
04.03.2023 20:00,122.99
04.03.2023 21:00,114.88
04.03.2023 22:00,112.53
04.03.2023 23:00,108.97
05.03.2023 00:00,107.53
05.03.2023 01:00,106.25
05.03.2023 02:00,105.55
05.03.2023 03:00,106.84
05.03.2023 04:00,104.99
05.03.2023 05:00,105.81
05.03.2023 06:00,105.94
05.03.2023 07:00,108.39
05.03.2023 08:00,107.72
05.03.2023 09:00,107.73
05.03.2023 10:00,105.18
05.03.2023 11:00,107.55
05.03.2023 12:00,106.83
05.03.2023 13:00,105.14
05.03.2023 14:00,106.80
05.03.2023 15:00,111.55
05.03.2023 16:00,120.12
05.03.2023 17:00,145.14
05.03.2023 18:00,166.67
05.03.2023 19:00,170.14
05.03.2023 20:00,156.39
05.03.2023 21:00,149.86
05.03.2023 22:00,141.50
05.03.2023 23:00,125.48
06.03.2023 00:00,134.50
06.03.2023 01:00,122.44
06.03.2023 02:00,120.30
06.03.2023 03:00,121.11
06.03.2023 04:00,122.41
06.03.2023 05:00,137.44
06.03.2023 06:00,159.80
06.03.2023 07:00,185.00
06.03.2023 08:00,217.09
06.03.2023 09:00,188.35
06.03.2023 10:00,170.26
06.03.2023 11:00,160.84
06.03.2023 12:00,149.92
06.03.2023 13:00,144.95
06.03.2023 14:00,144.30
06.03.2023 15:00,145.78
06.03.2023 16:00,152.00
06.03.2023 17:00,162.01
06.03.2023 18:00,184.86
06.03.2023 19:00,174.61
06.03.2023 20:00,147.95
06.03.2023 21:00,130.39
06.03.2023 22:00,120.65
06.03.2023 23:00,108.58
07.03.2023 00:00,80.72
07.03.2023 01:00,94.26
07.03.2023 02:00,85.00
07.03.2023 03:00,78.96
07.03.2023 04:00,78.52
07.03.2023 05:00,85.57
07.03.2023 06:00,98.71
07.03.2023 07:00,99.57
07.03.2023 08:00,105.59
07.03.2023 09:00,91.92
07.03.2023 10:00,93.86
07.03.2023 11:00,94.26
07.03.2023 12:00,87.57
07.03.2023 13:00,93.86
07.03.2023 14:00,95.07
07.03.2023 15:00,97.60
07.03.2023 16:00,106.60
07.03.2023 17:00,123.40
07.03.2023 18:00,149.49
07.03.2023 19:00,133.09
07.03.2023 20:00,116.73
07.03.2023 21:00,115.74
07.03.2023 22:00,115.44
07.03.2023 23:00,114.53
08.03.2023 00:00,114.30
08.03.2023 01:00,112.10
08.03.2023 02:00,112.02
08.03.2023 03:00,111.00
08.03.2023 04:00,111.00
08.03.2023 05:00,118.23
08.03.2023 06:00,140.68
08.03.2023 07:00,158.53
08.03.2023 08:00,173.10
08.03.2023 09:00,163.00
08.03.2023 10:00,152.99
08.03.2023 11:00,144.17
08.03.2023 12:00,137.17
08.03.2023 13:00,135.10
08.03.2023 14:00,137.42
08.03.2023 15:00,141.08
08.03.2023 16:00,144.47
08.03.2023 17:00,153.01
08.03.2023 18:00,166.89
08.03.2023 19:00,170.02
08.03.2023 20:00,153.77
08.03.2023 21:00,134.64
08.03.2023 22:00,128.82
08.03.2023 23:00,119.00
09.03.2023 00:00,113.66
09.03.2023 01:00,111.39
09.03.2023 02:00,111.02
09.03.2023 03:00,109.38
09.03.2023 04:00,111.22
09.03.2023 05:00,113.02
09.03.2023 06:00,137.39
09.03.2023 07:00,150.00
09.03.2023 08:00,159.06
09.03.2023 09:00,150.93
09.03.2023 10:00,142.36
09.03.2023 11:00,131.81
09.03.2023 12:00,122.00
09.03.2023 13:00,116.45
09.03.2023 14:00,116.19
09.03.2023 15:00,116.72
09.03.2023 16:00,118.36
09.03.2023 17:00,135.85
09.03.2023 18:00,147.22
09.03.2023 19:00,145.04
09.03.2023 20:00,135.10
09.03.2023 21:00,125.09
09.03.2023 22:00,123.82
09.03.2023 23:00,109.70
10.03.2023 00:00,102.89
10.03.2023 01:00,100.68
10.03.2023 02:00,99.06
10.03.2023 03:00,98.84
10.03.2023 04:00,99.09
10.03.2023 05:00,105.00
10.03.2023 06:00,119.81
10.03.2023 07:00,136.91
10.03.2023 08:00,140.91
10.03.2023 09:00,136.61
10.03.2023 10:00,131.89
10.03.2023 11:00,125.10
10.03.2023 12:00,116.42
10.03.2023 13:00,112.84
10.03.2023 14:00,114.91
10.03.2023 15:00,112.62
10.03.2023 16:00,110.10
10.03.2023 17:00,129.34
10.03.2023 18:00,135.48
10.03.2023 19:00,133.92
10.03.2023 20:00,115.41
10.03.2023 21:00,108.96
10.03.2023 22:00,100.35
10.03.2023 23:00,87.59
11.03.2023 00:00,70.22
11.03.2023 01:00,71.11
11.03.2023 02:00,73.08
11.03.2023 03:00,82.42
11.03.2023 04:00,87.87
11.03.2023 05:00,96.18
11.03.2023 06:00,104.24
11.03.2023 07:00,110.09
11.03.2023 08:00,114.01
11.03.2023 09:00,106.37
11.03.2023 10:00,93.81
11.03.2023 11:00,81.95
11.03.2023 12:00,78.66
11.03.2023 13:00,60.00
11.03.2023 14:00,60.38
11.03.2023 15:00,81.23
11.03.2023 16:00,98.02
11.03.2023 17:00,106.45
11.03.2023 18:00,114.53
11.03.2023 19:00,110.43
11.03.2023 20:00,106.03
11.03.2023 21:00,103.42
11.03.2023 22:00,101.19
11.03.2023 23:00,97.04
12.03.2023 00:00,107.20
12.03.2023 01:00,101.05
12.03.2023 02:00,100.97
12.03.2023 03:00,90.43
12.03.2023 04:00,91.81
12.03.2023 05:00,92.08
12.03.2023 06:00,90.81
12.03.2023 07:00,89.05
12.03.2023 08:00,90.27
12.03.2023 09:00,93.98
12.03.2023 10:00,92.00
12.03.2023 11:00,87.79
12.03.2023 12:00,80.40
12.03.2023 13:00,68.96
12.03.2023 14:00,70.00
12.03.2023 15:00,74.90
12.03.2023 16:00,85.05
12.03.2023 17:00,100.91
12.03.2023 18:00,119.85
12.03.2023 19:00,117.69
12.03.2023 20:00,105.85
12.03.2023 21:00,101.44
12.03.2023 22:00,94.87
12.03.2023 23:00,80.55
13.03.2023 00:00,45.99
13.03.2023 01:00,37.09
13.03.2023 02:00,33.36
13.03.2023 03:00,16.89
13.03.2023 04:00,7.51
13.03.2023 05:00,16.89
13.03.2023 06:00,38.49
13.03.2023 07:00,77.71
13.03.2023 08:00,79.81
13.03.2023 09:00,42.46
13.03.2023 10:00,30.51
13.03.2023 11:00,22.32
13.03.2023 12:00,2.07
13.03.2023 13:00,-0.02
13.03.2023 14:00,-0.03
13.03.2023 15:00,0.26
13.03.2023 16:00,9.03
13.03.2023 17:00,53.37
13.03.2023 18:00,88.59
13.03.2023 19:00,91.38
13.03.2023 20:00,78.96
13.03.2023 21:00,52.94
13.03.2023 22:00,35.45
13.03.2023 23:00,23.32
14.03.2023 00:00,9.57
14.03.2023 01:00,4.46
14.03.2023 02:00,4.00
14.03.2023 03:00,1.95
14.03.2023 04:00,3.64
14.03.2023 05:00,9.80
14.03.2023 06:00,42.60
14.03.2023 07:00,90.42
14.03.2023 08:00,94.84
14.03.2023 09:00,83.37
14.03.2023 10:00,73.78
14.03.2023 11:00,60.94
14.03.2023 12:00,53.26
14.03.2023 13:00,59.60
14.03.2023 14:00,65.45
14.03.2023 15:00,59.82
14.03.2023 16:00,78.83
14.03.2023 17:00,99.91
14.03.2023 18:00,104.06
14.03.2023 19:00,104.04
14.03.2023 20:00,99.25
14.03.2023 21:00,99.06
14.03.2023 22:00,99.07
14.03.2023 23:00,98.25
15.03.2023 00:00,105.42
15.03.2023 01:00,104.32
15.03.2023 02:00,100.74
15.03.2023 03:00,104.17
15.03.2023 04:00,104.62
15.03.2023 05:00,108.07
15.03.2023 06:00,116.23
15.03.2023 07:00,140.40
15.03.2023 08:00,148.68
15.03.2023 09:00,111.63
15.03.2023 10:00,103.27
15.03.2023 11:00,95.94
15.03.2023 12:00,90.85
15.03.2023 13:00,90.84
15.03.2023 14:00,93.41
15.03.2023 15:00,94.50
15.03.2023 16:00,101.05
15.03.2023 17:00,111.30
15.03.2023 18:00,114.55
15.03.2023 19:00,112.81
15.03.2023 20:00,109.69
15.03.2023 21:00,110.62
15.03.2023 22:00,111.91
15.03.2023 23:00,112.29
16.03.2023 00:00,107.48
16.03.2023 01:00,107.61
16.03.2023 02:00,103.80
16.03.2023 03:00,100.00
16.03.2023 04:00,98.07
16.03.2023 05:00,103.86
16.03.2023 06:00,130.32
16.03.2023 07:00,142.35
16.03.2023 08:00,138.03
16.03.2023 09:00,117.12
16.03.2023 10:00,103.20
16.03.2023 11:00,91.51
16.03.2023 12:00,85.40
16.03.2023 13:00,78.49
16.03.2023 14:00,80.48
16.03.2023 15:00,84.89
16.03.2023 16:00,93.29
16.03.2023 17:00,97.75
16.03.2023 18:00,100.99
16.03.2023 19:00,99.52
16.03.2023 20:00,96.00
16.03.2023 21:00,88.50
16.03.2023 22:00,86.07
16.03.2023 23:00,77.87
17.03.2023 00:00,48.45
17.03.2023 01:00,49.97
17.03.2023 02:00,50.06
17.03.2023 03:00,59.93
17.03.2023 04:00,62.79
17.03.2023 05:00,81.59
17.03.2023 06:00,91.82
17.03.2023 07:00,93.83
17.03.2023 08:00,96.24
17.03.2023 09:00,90.29
17.03.2023 10:00,84.04
17.03.2023 11:00,79.95
17.03.2023 12:00,75.76
17.03.2023 13:00,74.05
17.03.2023 14:00,88.05
17.03.2023 15:00,97.16
17.03.2023 16:00,109.54
17.03.2023 17:00,105.79
17.03.2023 18:00,107.41
17.03.2023 19:00,104.86
17.03.2023 20:00,101.62
17.03.2023 21:00,100.34
17.03.2023 22:00,100.36
17.03.2023 23:00,99.70
18.03.2023 00:00,106.35
18.03.2023 01:00,98.25
18.03.2023 02:00,96.84
18.03.2023 03:00,95.00
18.03.2023 04:00,96.18
18.03.2023 05:00,99.80
18.03.2023 06:00,103.50
18.03.2023 07:00,105.43
18.03.2023 08:00,100.74
18.03.2023 09:00,102.65
18.03.2023 10:00,97.00
18.03.2023 11:00,91.14
18.03.2023 12:00,84.06
18.03.2023 13:00,80.42
18.03.2023 14:00,87.52
18.03.2023 15:00,92.08
18.03.2023 16:00,104.43
18.03.2023 17:00,130.74
18.03.2023 18:00,156.95
18.03.2023 19:00,169.54
18.03.2023 20:00,144.15
18.03.2023 21:00,132.92
18.03.2023 22:00,129.95
18.03.2023 23:00,118.46
19.03.2023 00:00,110.03
19.03.2023 01:00,106.00
19.03.2023 02:00,99.60
19.03.2023 03:00,99.18
19.03.2023 04:00,98.74
19.03.2023 05:00,103.36
19.03.2023 06:00,100.00
19.03.2023 07:00,102.45
19.03.2023 08:00,101.44
19.03.2023 09:00,102.26
19.03.2023 10:00,100.41
19.03.2023 11:00,99.18
19.03.2023 12:00,97.39
19.03.2023 13:00,94.04
19.03.2023 14:00,95.01
19.03.2023 15:00,98.67
19.03.2023 16:00,106.09
19.03.2023 17:00,133.17
19.03.2023 18:00,145.00
19.03.2023 19:00,152.91
19.03.2023 20:00,144.71
19.03.2023 21:00,135.27
19.03.2023 22:00,132.90
19.03.2023 23:00,130.00
20.03.2023 00:00,124.00
20.03.2023 01:00,114.94
20.03.2023 02:00,113.06
20.03.2023 03:00,110.18
20.03.2023 04:00,104.62
20.03.2023 05:00,116.40
20.03.2023 06:00,132.51
20.03.2023 07:00,148.43
20.03.2023 08:00,144.94
20.03.2023 09:00,134.26
20.03.2023 10:00,117.48
20.03.2023 11:00,104.39
20.03.2023 12:00,99.68
20.03.2023 13:00,98.08
20.03.2023 14:00,98.01
20.03.2023 15:00,99.64
20.03.2023 16:00,102.43
20.03.2023 17:00,132.82
20.03.2023 18:00,150.96
20.03.2023 19:00,165.47
20.03.2023 20:00,152.36
20.03.2023 21:00,135.49
20.03.2023 22:00,127.50
20.03.2023 23:00,117.04
21.03.2023 00:00,120.79
21.03.2023 01:00,112.28
21.03.2023 02:00,111.56
21.03.2023 03:00,108.65
21.03.2023 04:00,110.00
21.03.2023 05:00,118.21
21.03.2023 06:00,129.81
21.03.2023 07:00,145.49
21.03.2023 08:00,143.45
21.03.2023 09:00,128.53
21.03.2023 10:00,115.00
21.03.2023 11:00,106.67
21.03.2023 12:00,101.91
21.03.2023 13:00,99.48
21.03.2023 14:00,96.09
21.03.2023 15:00,95.34
21.03.2023 16:00,98.78
21.03.2023 17:00,103.31
21.03.2023 18:00,106.24
21.03.2023 19:00,97.37
21.03.2023 20:00,94.05
21.03.2023 21:00,92.04
21.03.2023 22:00,90.01
21.03.2023 23:00,87.47
22.03.2023 00:00,77.06
22.03.2023 01:00,73.19
22.03.2023 02:00,73.39
22.03.2023 03:00,69.03
22.03.2023 04:00,66.67
22.03.2023 05:00,71.96
22.03.2023 06:00,84.43
22.03.2023 07:00,89.61
22.03.2023 08:00,93.46
22.03.2023 09:00,82.37
22.03.2023 10:00,58.35
22.03.2023 11:00,33.29
22.03.2023 12:00,22.93
22.03.2023 13:00,16.99
22.03.2023 14:00,39.43
22.03.2023 15:00,68.41
22.03.2023 16:00,78.92
22.03.2023 17:00,85.46
22.03.2023 18:00,84.97
22.03.2023 19:00,88.78
22.03.2023 20:00,88.29
22.03.2023 21:00,87.99
22.03.2023 22:00,88.84
22.03.2023 23:00,83.29
23.03.2023 00:00,68.05
23.03.2023 01:00,65.89
23.03.2023 02:00,55.29
23.03.2023 03:00,45.94
23.03.2023 04:00,33.17
23.03.2023 05:00,55.78
23.03.2023 06:00,80.64
23.03.2023 07:00,87.06
23.03.2023 08:00,92.80
23.03.2023 09:00,72.80
23.03.2023 10:00,40.74
23.03.2023 11:00,35.68
23.03.2023 12:00,35.64
23.03.2023 13:00,36.29
23.03.2023 14:00,41.62
23.03.2023 15:00,54.00
23.03.2023 16:00,74.33
23.03.2023 17:00,87.01
23.03.2023 18:00,92.59
23.03.2023 19:00,96.00
23.03.2023 20:00,91.59
23.03.2023 21:00,88.99
23.03.2023 22:00,86.10
23.03.2023 23:00,77.35
24.03.2023 00:00,55.12
24.03.2023 01:00,43.80
24.03.2023 02:00,40.67
24.03.2023 03:00,40.18
24.03.2023 04:00,35.07
24.03.2023 05:00,40.19
24.03.2023 06:00,62.44
24.03.2023 07:00,81.23
24.03.2023 08:00,81.23
24.03.2023 09:00,62.36
24.03.2023 10:00,36.95
24.03.2023 11:00,25.28
24.03.2023 12:00,11.47
24.03.2023 13:00,3.99
24.03.2023 14:00,2.07
24.03.2023 15:00,5.84
24.03.2023 16:00,29.59
24.03.2023 17:00,79.16
24.03.2023 18:00,85.54
24.03.2023 19:00,88.63
24.03.2023 20:00,88.32
24.03.2023 21:00,82.50
24.03.2023 22:00,76.20
24.03.2023 23:00,64.90
25.03.2023 00:00,15.30
25.03.2023 01:00,0.97
25.03.2023 02:00,0.11
25.03.2023 03:00,0.08
25.03.2023 04:00,0.29
25.03.2023 05:00,0.10
25.03.2023 06:00,3.53
25.03.2023 07:00,7.72
25.03.2023 08:00,5.93
25.03.2023 09:00,0.06
25.03.2023 10:00,-0.06
25.03.2023 11:00,-1.18
25.03.2023 12:00,-0.53
25.03.2023 13:00,-0.07
25.03.2023 14:00,0.07
25.03.2023 15:00,3.74
25.03.2023 16:00,24.37
25.03.2023 17:00,36.39
25.03.2023 18:00,70.53
25.03.2023 19:00,77.20
25.03.2023 20:00,74.69
25.03.2023 21:00,41.84
25.03.2023 22:00,38.91
25.03.2023 23:00,33.36
26.03.2023 00:00,39.66
26.03.2023 01:00,39.23
26.03.2023 02:00,101.1
26.03.2023 03:00,40.12
26.03.2023 04:00,40.88
26.03.2023 05:00,41.42
26.03.2023 06:00,63.49
26.03.2023 07:00,73.09
26.03.2023 08:00,77.24
26.03.2023 09:00,79.60
26.03.2023 10:00,78.58
26.03.2023 11:00,76.00
26.03.2023 12:00,61.89
26.03.2023 13:00,55.44
26.03.2023 14:00,50.46
26.03.2023 15:00,46.02
26.03.2023 16:00,48.35
26.03.2023 17:00,77.09
26.03.2023 18:00,106.65
26.03.2023 19:00,117.86
26.03.2023 20:00,100.95
26.03.2023 21:00,100.77
26.03.2023 22:00,99.02
26.03.2023 23:00,94.64
27.03.2023 00:00,96.00
27.03.2023 01:00,91.71
27.03.2023 02:00,87.48
27.03.2023 03:00,83.99
27.03.2023 04:00,84.90
27.03.2023 05:00,92.85
27.03.2023 06:00,108.74
27.03.2023 07:00,139.56
27.03.2023 08:00,136.53
27.03.2023 09:00,97.85
27.03.2023 10:00,92.57
27.03.2023 11:00,80.93
27.03.2023 12:00,68.26
27.03.2023 13:00,54.91
27.03.2023 14:00,42.74
27.03.2023 15:00,46.16
27.03.2023 16:00,49.62
27.03.2023 17:00,74.37
27.03.2023 18:00,95.95
27.03.2023 19:00,124.38
27.03.2023 20:00,102.19
27.03.2023 21:00,101.91
27.03.2023 22:00,103.52
27.03.2023 23:00,91.46
28.03.2023 00:00,78.68
28.03.2023 01:00,82.30
28.03.2023 02:00,84.67
28.03.2023 03:00,92.83
28.03.2023 04:00,92.50
28.03.2023 05:00,99.44
28.03.2023 06:00,130.05
28.03.2023 07:00,159.92
28.03.2023 08:00,159.92
28.03.2023 09:00,125.21
28.03.2023 10:00,104.28
28.03.2023 11:00,94.89
28.03.2023 12:00,93.59
28.03.2023 13:00,91.68
28.03.2023 14:00,91.76
28.03.2023 15:00,94.32
28.03.2023 16:00,96.08
28.03.2023 17:00,108.59
28.03.2023 18:00,136.87
28.03.2023 19:00,160.98
28.03.2023 20:00,161.00
28.03.2023 21:00,132.00
28.03.2023 22:00,125.01
28.03.2023 23:00,110.39
29.03.2023 00:00,95.19
29.03.2023 01:00,92.15
29.03.2023 02:00,94.80
29.03.2023 03:00,98.04
29.03.2023 04:00,95.13
29.03.2023 05:00,99.20
29.03.2023 06:00,117.04
29.03.2023 07:00,144.13
29.03.2023 08:00,152.00
29.03.2023 09:00,144.17
29.03.2023 10:00,130.00
29.03.2023 11:00,119.00
29.03.2023 12:00,110.98
29.03.2023 13:00,105.60
29.03.2023 14:00,101.55
29.03.2023 15:00,104.94
29.03.2023 16:00,106.20
29.03.2023 17:00,128.15
29.03.2023 18:00,145.41
29.03.2023 19:00,149.87
29.03.2023 20:00,132.28
29.03.2023 21:00,114.92
29.03.2023 22:00,109.90
29.03.2023 23:00,94.80
30.03.2023 00:00,89.71
30.03.2023 01:00,82.25
30.03.2023 02:00,80.75
30.03.2023 03:00,78.77
30.03.2023 04:00,77.91
30.03.2023 05:00,76.80
30.03.2023 06:00,89.77
30.03.2023 07:00,118.88
30.03.2023 08:00,129.30
30.03.2023 09:00,110.00
30.03.2023 10:00,90.66
30.03.2023 11:00,80.00
30.03.2023 12:00,64.83
30.03.2023 13:00,25.59
30.03.2023 14:00,5.75
30.03.2023 15:00,10.05
30.03.2023 16:00,39.62
30.03.2023 17:00,72.44
30.03.2023 18:00,97.55
30.03.2023 19:00,119.70
30.03.2023 20:00,116.50
30.03.2023 21:00,102.45
30.03.2023 22:00,98.73
30.03.2023 23:00,90.76
31.03.2023 00:00,65.13
31.03.2023 01:00,64.90
31.03.2023 02:00,57.10
31.03.2023 03:00,48.62
31.03.2023 04:00,68.84
31.03.2023 05:00,79.97
31.03.2023 06:00,111.72
31.03.2023 07:00,132.12
31.03.2023 08:00,137.64
31.03.2023 09:00,132.19
31.03.2023 10:00,124.20
31.03.2023 11:00,119.67
31.03.2023 12:00,103.77
31.03.2023 13:00,97.14
31.03.2023 14:00,93.05
31.03.2023 15:00,94.72
31.03.2023 16:00,101.89
31.03.2023 17:00,103.29
31.03.2023 18:00,108.37
31.03.2023 19:00,110.46
31.03.2023 20:00,101.85
31.03.2023 21:00,98.15
31.03.2023 22:00,86.73
31.03.2023 23:00,80.00
01.04.2023 00:00,82.19
01.04.2023 01:00,63.90
01.04.2023 02:00,53.84
01.04.2023 03:00,38.83
01.04.2023 04:00,36.05
01.04.2023 05:00,35.33
01.04.2023 06:00,34.36
01.04.2023 07:00,51.71
01.04.2023 08:00,61.16
01.04.2023 09:00,60.41
01.04.2023 10:00,49.57
01.04.2023 11:00,46.09
01.04.2023 12:00,40.96
01.04.2023 13:00,38.62
01.04.2023 14:00,33.50
01.04.2023 15:00,36.37
01.04.2023 16:00,40.57
01.04.2023 17:00,52.06
01.04.2023 18:00,84.89
01.04.2023 19:00,90.89
01.04.2023 20:00,84.89
01.04.2023 21:00,75.60
01.04.2023 22:00,79.95
01.04.2023 23:00,66.64
02.04.2023 00:00,69.59
02.04.2023 01:00,60.46
02.04.2023 02:00,58.51
02.04.2023 03:00,60.46
02.04.2023 04:00,58.51
02.04.2023 05:00,60.46
02.04.2023 06:00,58.72
02.04.2023 07:00,70.08
02.04.2023 08:00,75.55
02.04.2023 09:00,66.09
02.04.2023 10:00,51.66
02.04.2023 11:00,50.24
02.04.2023 12:00,42.64
02.04.2023 13:00,26.07
02.04.2023 14:00,14.21
02.04.2023 15:00,14.79
02.04.2023 16:00,31.85
02.04.2023 17:00,41.74
02.04.2023 18:00,100.41
02.04.2023 19:00,130.00
02.04.2023 20:00,131.50
02.04.2023 21:00,120.60
02.04.2023 22:00,112.68
02.04.2023 23:00,109.12
03.04.2023 00:00,108.53
03.04.2023 01:00,107.68
03.04.2023 02:00,108.04
03.04.2023 03:00,103.90
03.04.2023 04:00,100.43
03.04.2023 05:00,110.07
03.04.2023 06:00,139.22
03.04.2023 07:00,167.54
03.04.2023 08:00,163.79
03.04.2023 09:00,128.38
03.04.2023 10:00,103.80
03.04.2023 11:00,88.76
03.04.2023 12:00,80.98
03.04.2023 13:00,74.90
03.04.2023 14:00,71.66
03.04.2023 15:00,78.91
03.04.2023 16:00,82.00
03.04.2023 17:00,100.35
03.04.2023 18:00,133.77
03.04.2023 19:00,158.11
03.04.2023 20:00,156.25
03.04.2023 21:00,142.94
03.04.2023 22:00,132.02
03.04.2023 23:00,113.12
04.04.2023 00:00,110.85
04.04.2023 01:00,110.00
04.04.2023 02:00,113.68
04.04.2023 03:00,115.42
04.04.2023 04:00,116.64
04.04.2023 05:00,121.91
04.04.2023 06:00,145.35
04.04.2023 07:00,180.38
04.04.2023 08:00,178.53
04.04.2023 09:00,147.63
04.04.2023 10:00,118.43
04.04.2023 11:00,112.02
04.04.2023 12:00,108.86
04.04.2023 13:00,108.12
04.04.2023 14:00,107.31
04.04.2023 15:00,108.71
04.04.2023 16:00,112.73
04.04.2023 17:00,122.00
04.04.2023 18:00,147.10
04.04.2023 19:00,180.00
04.04.2023 20:00,177.32
04.04.2023 21:00,155.56
04.04.2023 22:00,141.19
04.04.2023 23:00,129.93
05.04.2023 00:00,127.51
05.04.2023 01:00,118.26
05.04.2023 02:00,119.61
05.04.2023 03:00,118.25
05.04.2023 04:00,124.99
05.04.2023 05:00,134.46
05.04.2023 06:00,165.82
05.04.2023 07:00,207.92
05.04.2023 08:00,179.74
05.04.2023 09:00,142.16
05.04.2023 10:00,119.60
05.04.2023 11:00,115.00
05.04.2023 12:00,113.36
05.04.2023 13:00,113.61
05.04.2023 14:00,113.22
05.04.2023 15:00,113.22
05.04.2023 16:00,116.30
05.04.2023 17:00,135.61
05.04.2023 18:00,156.52
05.04.2023 19:00,199.56
05.04.2023 20:00,191.68
05.04.2023 21:00,164.98
05.04.2023 22:00,151.39
05.04.2023 23:00,139.13
06.04.2023 00:00,135.54
06.04.2023 01:00,124.12
06.04.2023 02:00,120.00
06.04.2023 03:00,115.33
06.04.2023 04:00,114.85
06.04.2023 05:00,124.91
06.04.2023 06:00,142.51
06.04.2023 07:00,161.63
06.04.2023 08:00,155.96
06.04.2023 09:00,129.45
06.04.2023 10:00,114.63
06.04.2023 11:00,105.10
06.04.2023 12:00,104.02
06.04.2023 13:00,103.10
06.04.2023 14:00,104.37
06.04.2023 15:00,104.67
06.04.2023 16:00,106.47
06.04.2023 17:00,111.73
06.04.2023 18:00,122.27
06.04.2023 19:00,116.37
06.04.2023 20:00,118.49
06.04.2023 21:00,114.16
06.04.2023 22:00,109.00
06.04.2023 23:00,107.09
07.04.2023 00:00,98.78
07.04.2023 01:00,97.78
07.04.2023 02:00,98.21
07.04.2023 03:00,98.79
07.04.2023 04:00,99.95
07.04.2023 05:00,106.95
07.04.2023 06:00,102.94
07.04.2023 07:00,106.66
07.04.2023 08:00,110.51
07.04.2023 09:00,103.95
07.04.2023 10:00,101.76
07.04.2023 11:00,100.90
07.04.2023 12:00,91.96
07.04.2023 13:00,86.77
07.04.2023 14:00,85.00
07.04.2023 15:00,92.12
07.04.2023 16:00,100.81
07.04.2023 17:00,107.74
07.04.2023 18:00,126.60
07.04.2023 19:00,138.55
07.04.2023 20:00,135.07
07.04.2023 21:00,135.00
07.04.2023 22:00,136.32
07.04.2023 23:00,126.07
08.04.2023 00:00,119.90
08.04.2023 01:00,111.51
08.04.2023 02:00,112.65
08.04.2023 03:00,110.75
08.04.2023 04:00,110.78
08.04.2023 05:00,112.16
08.04.2023 06:00,112.56
08.04.2023 07:00,129.35
08.04.2023 08:00,130.75
08.04.2023 09:00,125.59
08.04.2023 10:00,108.07
08.04.2023 11:00,104.27
08.04.2023 12:00,98.85
08.04.2023 13:00,95.76
08.04.2023 14:00,92.40
08.04.2023 15:00,91.47
08.04.2023 16:00,95.98
08.04.2023 17:00,104.47
08.04.2023 18:00,117.47
08.04.2023 19:00,135.01
08.04.2023 20:00,139.77
08.04.2023 21:00,137.31
08.04.2023 22:00,134.90
08.04.2023 23:00,126.98
09.04.2023 00:00,127.99
09.04.2023 01:00,117.86
09.04.2023 02:00,119.83
09.04.2023 03:00,117.99
09.04.2023 04:00,118.24
09.04.2023 05:00,117.86
09.04.2023 06:00,120.00
09.04.2023 07:00,118.90
09.04.2023 08:00,122.98
09.04.2023 09:00,112.21
09.04.2023 10:00,100.00
09.04.2023 11:00,87.00
09.04.2023 12:00,81.96
09.04.2023 13:00,60.01
09.04.2023 14:00,55.00
09.04.2023 15:00,56.00
09.04.2023 16:00,74.00
09.04.2023 17:00,86.35
09.04.2023 18:00,115.20
09.04.2023 19:00,129.97
09.04.2023 20:00,133.46
09.04.2023 21:00,126.39
09.04.2023 22:00,115.00
09.04.2023 23:00,106.94
10.04.2023 00:00,98.21
10.04.2023 01:00,81.85
10.04.2023 02:00,78.14
10.04.2023 03:00,71.90
10.04.2023 04:00,70.00
10.04.2023 05:00,72.96
10.04.2023 06:00,80.00
10.04.2023 07:00,77.61
10.04.2023 08:00,69.43
10.04.2023 09:00,54.88
10.04.2023 10:00,22.07
10.04.2023 11:00,0.20
10.04.2023 12:00,-1.01
10.04.2023 13:00,-7.84
10.04.2023 14:00,-7.33
10.04.2023 15:00,-3.10
10.04.2023 16:00,-0.07
10.04.2023 17:00,19.49
10.04.2023 18:00,44.58
10.04.2023 19:00,65.54
10.04.2023 20:00,40.84
10.04.2023 21:00,21.81
10.04.2023 22:00,11.52
10.04.2023 23:00,0.10
11.04.2023 00:00,1.45
11.04.2023 01:00,0.99
11.04.2023 02:00,0.72
11.04.2023 03:00,1.09
11.04.2023 04:00,6.10
11.04.2023 05:00,34.02
11.04.2023 06:00,93.80
11.04.2023 07:00,105.63
11.04.2023 08:00,108.26
11.04.2023 09:00,93.80
11.04.2023 10:00,54.25
11.04.2023 11:00,9.03
11.04.2023 12:00,0.07
11.04.2023 13:00,-0.10
11.04.2023 14:00,-0.09
11.04.2023 15:00,-0.01
11.04.2023 16:00,6.61
11.04.2023 17:00,82.20
11.04.2023 18:00,130.80
11.04.2023 19:00,162.46
11.04.2023 20:00,165.38
11.04.2023 21:00,141.39
11.04.2023 22:00,130.80
11.04.2023 23:00,111.00
12.04.2023 00:00,97.60
12.04.2023 01:00,86.23
12.04.2023 02:00,80.63
12.04.2023 03:00,78.71
12.04.2023 04:00,80.20
12.04.2023 05:00,85.80
12.04.2023 06:00,103.90
12.04.2023 07:00,123.35
12.04.2023 08:00,106.65
12.04.2023 09:00,105.00
12.04.2023 10:00,102.95
12.04.2023 11:00,98.79
12.04.2023 12:00,97.22
12.04.2023 13:00,94.34
12.04.2023 14:00,94.41
12.04.2023 15:00,94.06
12.04.2023 16:00,100.34
12.04.2023 17:00,109.30
12.04.2023 18:00,106.62
12.04.2023 19:00,110.86
12.04.2023 20:00,110.14
12.04.2023 21:00,109.83
12.04.2023 22:00,109.30
12.04.2023 23:00,97.52
13.04.2023 00:00,97.23
13.04.2023 01:00,85.09
13.04.2023 02:00,79.33
13.04.2023 03:00,72.86
13.04.2023 04:00,71.27
13.04.2023 05:00,82.50
13.04.2023 06:00,102.06
13.04.2023 07:00,115.04
13.04.2023 08:00,118.96
13.04.2023 09:00,102.81
13.04.2023 10:00,85.98
13.04.2023 11:00,79.39
13.04.2023 12:00,76.92
13.04.2023 13:00,53.80
13.04.2023 14:00,53.72
13.04.2023 15:00,42.53
13.04.2023 16:00,26.59
13.04.2023 17:00,84.13
13.04.2023 18:00,128.10
13.04.2023 19:00,151.00
13.04.2023 20:00,155.20
13.04.2023 21:00,150.98
13.04.2023 22:00,134.04
13.04.2023 23:00,120.10
14.04.2023 00:00,118.09
14.04.2023 01:00,112.80
14.04.2023 02:00,116.54
14.04.2023 03:00,112.80
14.04.2023 04:00,113.14
14.04.2023 05:00,127.40
14.04.2023 06:00,144.74
14.04.2023 07:00,171.76
14.04.2023 08:00,176.11
14.04.2023 09:00,150.88
14.04.2023 10:00,129.86
14.04.2023 11:00,118.66
14.04.2023 12:00,107.54
14.04.2023 13:00,105.80
14.04.2023 14:00,106.22
14.04.2023 15:00,109.30
14.04.2023 16:00,105.24
14.04.2023 17:00,116.54
14.04.2023 18:00,138.16
14.04.2023 19:00,151.69
14.04.2023 20:00,152.21
14.04.2023 21:00,151.00
14.04.2023 22:00,134.33
14.04.2023 23:00,120.29
15.04.2023 00:00,123.90
15.04.2023 01:00,112.00
15.04.2023 02:00,114.38
15.04.2023 03:00,108.00
15.04.2023 04:00,105.14
15.04.2023 05:00,103.55
15.04.2023 06:00,105.12
15.04.2023 07:00,104.53
15.04.2023 08:00,105.54
15.04.2023 09:00,101.10
15.04.2023 10:00,94.92
15.04.2023 11:00,93.94
15.04.2023 12:00,83.31
15.04.2023 13:00,81.95
15.04.2023 14:00,81.97
15.04.2023 15:00,82.27
15.04.2023 16:00,87.75
15.04.2023 17:00,98.81
15.04.2023 18:00,112.66
15.04.2023 19:00,129.98
15.04.2023 20:00,134.51
15.04.2023 21:00,127.80
15.04.2023 22:00,127.71
15.04.2023 23:00,119.30
16.04.2023 00:00,111.55
16.04.2023 01:00,103.49
16.04.2023 02:00,102.68
16.04.2023 03:00,101.09
16.04.2023 04:00,102.63
16.04.2023 05:00,103.50
16.04.2023 06:00,103.50
16.04.2023 07:00,103.37
16.04.2023 08:00,110.43
16.04.2023 09:00,114.68
16.04.2023 10:00,111.04
16.04.2023 11:00,107.83
16.04.2023 12:00,104.05
16.04.2023 13:00,98.16
16.04.2023 14:00,94.71
16.04.2023 15:00,94.26
16.04.2023 16:00,96.04
16.04.2023 17:00,100.97
16.04.2023 18:00,115.21
16.04.2023 19:00,132.88
16.04.2023 20:00,140.00
16.04.2023 21:00,135.00
16.04.2023 22:00,129.97
16.04.2023 23:00,125.35
17.04.2023 00:00,114.75
17.04.2023 01:00,111.14
17.04.2023 02:00,108.96
17.04.2023 03:00,110.44
17.04.2023 04:00,110.00
17.04.2023 05:00,115.03
17.04.2023 06:00,140.82
17.04.2023 07:00,178.68
17.04.2023 08:00,200.51
17.04.2023 09:00,163.14
17.04.2023 10:00,135.61
17.04.2023 11:00,117.60
17.04.2023 12:00,105.13
17.04.2023 13:00,100.92
17.04.2023 14:00,96.99
17.04.2023 15:00,92.75
17.04.2023 16:00,96.76
17.04.2023 17:00,100.99
17.04.2023 18:00,122.33
17.04.2023 19:00,143.61
17.04.2023 20:00,142.78
17.04.2023 21:00,134.25
17.04.2023 22:00,122.82
17.04.2023 23:00,109.16
18.04.2023 00:00,105.31
18.04.2023 01:00,102.07
18.04.2023 02:00,101.10
18.04.2023 03:00,101.29
18.04.2023 04:00,100.55
18.04.2023 05:00,101.27
18.04.2023 06:00,127.00
18.04.2023 07:00,140.27
18.04.2023 08:00,154.88
18.04.2023 09:00,130.34
18.04.2023 10:00,102.92
18.04.2023 11:00,99.59
18.04.2023 12:00,90.08
18.04.2023 13:00,84.00
18.04.2023 14:00,78.79
18.04.2023 15:00,77.63
18.04.2023 16:00,79.20
18.04.2023 17:00,91.47
18.04.2023 18:00,97.63
18.04.2023 19:00,99.91
18.04.2023 20:00,104.47
18.04.2023 21:00,104.33
18.04.2023 22:00,103.47
18.04.2023 23:00,95.74
19.04.2023 00:00,102.20
19.04.2023 01:00,97.54
19.04.2023 02:00,99.92
19.04.2023 03:00,98.95
19.04.2023 04:00,101.33
19.04.2023 05:00,105.87
19.04.2023 06:00,130.00
19.04.2023 07:00,138.94
19.04.2023 08:00,137.00
19.04.2023 09:00,104.10
19.04.2023 10:00,70.00
19.04.2023 11:00,56.91
19.04.2023 12:00,29.60
19.04.2023 13:00,5.29
19.04.2023 14:00,0.09
19.04.2023 15:00,2.71
19.04.2023 16:00,22.74
19.04.2023 17:00,72.31
19.04.2023 18:00,91.48
19.04.2023 19:00,110.83
19.04.2023 20:00,109.75
19.04.2023 21:00,109.75
19.04.2023 22:00,108.04
19.04.2023 23:00,101.45
20.04.2023 00:00,99.79
20.04.2023 01:00,94.35
20.04.2023 02:00,96.56
20.04.2023 03:00,94.78
20.04.2023 04:00,96.98
20.04.2023 05:00,100.64
20.04.2023 06:00,105.27
20.04.2023 07:00,105.33
20.04.2023 08:00,104.42
20.04.2023 09:00,97.37
20.04.2023 10:00,69.28
20.04.2023 11:00,58.87
20.04.2023 12:00,55.82
20.04.2023 13:00,51.25
20.04.2023 14:00,48.05
20.04.2023 15:00,48.08
20.04.2023 16:00,50.01
20.04.2023 17:00,95.41
20.04.2023 18:00,99.83
20.04.2023 19:00,104.01
20.04.2023 20:00,108.29
20.04.2023 21:00,107.92
20.04.2023 22:00,105.67
20.04.2023 23:00,103.20
21.04.2023 00:00,98.42
21.04.2023 01:00,91.88
21.04.2023 02:00,91.01
21.04.2023 03:00,92.98
21.04.2023 04:00,92.60
21.04.2023 05:00,95.23
21.04.2023 06:00,114.36
21.04.2023 07:00,132.81
21.04.2023 08:00,134.50
21.04.2023 09:00,106.25
21.04.2023 10:00,90.00
21.04.2023 11:00,77.43
21.04.2023 12:00,28.35
21.04.2023 13:00,0.09
21.04.2023 14:00,0.05
21.04.2023 15:00,5.29
21.04.2023 16:00,58.57
21.04.2023 17:00,90.07
21.04.2023 18:00,123.00
21.04.2023 19:00,140.57
21.04.2023 20:00,143.88
21.04.2023 21:00,126.22
21.04.2023 22:00,106.03
21.04.2023 23:00,99.06
22.04.2023 00:00,99.04
22.04.2023 01:00,95.19
22.04.2023 02:00,92.10
22.04.2023 03:00,92.95
22.04.2023 04:00,91.29
22.04.2023 05:00,95.99
22.04.2023 06:00,99.82
22.04.2023 07:00,102.58
22.04.2023 08:00,99.10
22.04.2023 09:00,86.00
22.04.2023 10:00,74.67
22.04.2023 11:00,45.06
22.04.2023 12:00,26.20
22.04.2023 13:00,10.02
22.04.2023 14:00,5.62
22.04.2023 15:00,29.95
22.04.2023 16:00,72.91
22.04.2023 17:00,89.09
22.04.2023 18:00,99.28
22.04.2023 19:00,106.09
22.04.2023 20:00,111.65
22.04.2023 21:00,104.59
22.04.2023 22:00,101.63
22.04.2023 23:00,100.54
23.04.2023 00:00,104.88
23.04.2023 01:00,97.27
23.04.2023 02:00,94.97
23.04.2023 03:00,89.39
23.04.2023 04:00,86.63
23.04.2023 05:00,88.74
23.04.2023 06:00,89.88
23.04.2023 07:00,93.78
23.04.2023 08:00,93.43
23.04.2023 09:00,90.41
23.04.2023 10:00,79.33
23.04.2023 11:00,48.16
23.04.2023 12:00,35.50
23.04.2023 13:00,10.02
23.04.2023 14:00,4.88
23.04.2023 15:00,34.71
23.04.2023 16:00,64.15
23.04.2023 17:00,100.25
23.04.2023 18:00,125.74
23.04.2023 19:00,138.14
23.04.2023 20:00,137.13
23.04.2023 21:00,125.02
23.04.2023 22:00,116.95
23.04.2023 23:00,109.60
24.04.2023 00:00,87.70
24.04.2023 01:00,83.58
24.04.2023 02:00,82.09
24.04.2023 03:00,76.40
24.04.2023 04:00,75.08
24.04.2023 05:00,86.55
24.04.2023 06:00,114.60
24.04.2023 07:00,133.80
24.04.2023 08:00,135.00
24.04.2023 09:00,126.92
24.04.2023 10:00,110.81
24.04.2023 11:00,108.01
24.04.2023 12:00,98.07
24.04.2023 13:00,94.90
24.04.2023 14:00,87.00
24.04.2023 15:00,84.91
24.04.2023 16:00,85.89
24.04.2023 17:00,97.61
24.04.2023 18:00,117.41
24.04.2023 19:00,134.57
24.04.2023 20:00,132.71
24.04.2023 21:00,112.68
24.04.2023 22:00,110.26
24.04.2023 23:00,100.79
25.04.2023 00:00,96.41
25.04.2023 01:00,95.08
25.04.2023 02:00,93.63
25.04.2023 03:00,89.17
25.04.2023 04:00,88.97
25.04.2023 05:00,93.69
25.04.2023 06:00,100.50
25.04.2023 07:00,101.92
25.04.2023 08:00,101.95
25.04.2023 09:00,97.09
25.04.2023 10:00,75.62
25.04.2023 11:00,60.01
25.04.2023 12:00,34.90
25.04.2023 13:00,24.90
25.04.2023 14:00,13.88
25.04.2023 15:00,14.24
25.04.2023 16:00,20.74
25.04.2023 17:00,34.32
25.04.2023 18:00,66.50
25.04.2023 19:00,90.92
25.04.2023 20:00,96.56
25.04.2023 21:00,96.77
25.04.2023 22:00,91.87
25.04.2023 23:00,87.39
26.04.2023 00:00,89.84
26.04.2023 01:00,87.74
26.04.2023 02:00,88.64
26.04.2023 03:00,86.84
26.04.2023 04:00,87.81
26.04.2023 05:00,94.65
26.04.2023 06:00,102.93
26.04.2023 07:00,108.97
26.04.2023 08:00,105.68
26.04.2023 09:00,76.60
26.04.2023 10:00,75.91
26.04.2023 11:00,58.86
26.04.2023 12:00,38.06
26.04.2023 13:00,44.56
26.04.2023 14:00,41.14
26.04.2023 15:00,37.21
26.04.2023 16:00,42.42
26.04.2023 17:00,67.86
26.04.2023 18:00,97.89
26.04.2023 19:00,102.27
26.04.2023 20:00,103.77
26.04.2023 21:00,107.45
26.04.2023 22:00,103.04
26.04.2023 23:00,102.04
27.04.2023 00:00,106.58
27.04.2023 01:00,100.37
27.04.2023 02:00,97.61
27.04.2023 03:00,96.10
27.04.2023 04:00,97.07
27.04.2023 05:00,102.91
27.04.2023 06:00,116.86
27.04.2023 07:00,142.75
27.04.2023 08:00,132.35
27.04.2023 09:00,105.36
27.04.2023 10:00,94.64
27.04.2023 11:00,90.97
27.04.2023 12:00,87.93
27.04.2023 13:00,87.30
27.04.2023 14:00,87.70
27.04.2023 15:00,86.32
27.04.2023 16:00,88.76
27.04.2023 17:00,97.82
27.04.2023 18:00,109.27
27.04.2023 19:00,128.17
27.04.2023 20:00,159.65
27.04.2023 21:00,141.50
27.04.2023 22:00,125.42
27.04.2023 23:00,101.54
28.04.2023 00:00,102.03
28.04.2023 01:00,92.97
28.04.2023 02:00,90.35
28.04.2023 03:00,92.68
28.04.2023 04:00,92.91
28.04.2023 05:00,95.85
28.04.2023 06:00,113.77
28.04.2023 07:00,123.82
28.04.2023 08:00,126.81
28.04.2023 09:00,120.69
28.04.2023 10:00,113.18
28.04.2023 11:00,106.17
28.04.2023 12:00,102.05
28.04.2023 13:00,93.09
28.04.2023 14:00,90.19
28.04.2023 15:00,89.00
28.04.2023 16:00,90.61
28.04.2023 17:00,100.24
28.04.2023 18:00,115.42
28.04.2023 19:00,120.04
28.04.2023 20:00,125.40
28.04.2023 21:00,124.34
28.04.2023 22:00,116.71
28.04.2023 23:00,105.48
29.04.2023 00:00,115.59
29.04.2023 01:00,108.56
29.04.2023 02:00,106.10
29.04.2023 03:00,105.00
29.04.2023 04:00,101.24
29.04.2023 05:00,102.75
29.04.2023 06:00,103.24
29.04.2023 07:00,109.40
29.04.2023 08:00,115.64
29.04.2023 09:00,106.61
29.04.2023 10:00,103.59
29.04.2023 11:00,92.87
29.04.2023 12:00,82.23
29.04.2023 13:00,75.29
29.04.2023 14:00,66.20
29.04.2023 15:00,69.05
29.04.2023 16:00,76.00
29.04.2023 17:00,85.00
29.04.2023 18:00,88.98
29.04.2023 19:00,99.78
29.04.2023 20:00,105.04
29.04.2023 21:00,108.21
29.04.2023 22:00,108.13
29.04.2023 23:00,106.70
30.04.2023 00:00,99.28
30.04.2023 01:00,91.09
30.04.2023 02:00,88.38
30.04.2023 03:00,85.61
30.04.2023 04:00,85.52
30.04.2023 05:00,88.27
30.04.2023 06:00,85.84
30.04.2023 07:00,82.00
30.04.2023 08:00,75.00
30.04.2023 09:00,50.00
30.04.2023 10:00,27.70
30.04.2023 11:00,5.64
30.04.2023 12:00,-2.55
30.04.2023 13:00,-5.33
30.04.2023 14:00,-3.08
30.04.2023 15:00,1.19
30.04.2023 16:00,14.00
30.04.2023 17:00,70.57
30.04.2023 18:00,106.96
30.04.2023 19:00,121.16
30.04.2023 20:00,123.60
30.04.2023 21:00,122.20
30.04.2023 22:00,117.12
30.04.2023 23:00,108.71
01.05.2023 00:00,109.90
01.05.2023 01:00,99.90
01.05.2023 02:00,95.49
01.05.2023 03:00,89.98
01.05.2023 04:00,87.29
01.05.2023 05:00,88.00
01.05.2023 06:00,87.16
01.05.2023 07:00,84.20
01.05.2023 08:00,83.14
01.05.2023 09:00,84.04
01.05.2023 10:00,74.29
01.05.2023 11:00,67.99
01.05.2023 12:00,54.63
01.05.2023 13:00,34.69
01.05.2023 14:00,29.99
01.05.2023 15:00,41.19
01.05.2023 16:00,76.25
01.05.2023 17:00,95.12
01.05.2023 18:00,113.86
01.05.2023 19:00,124.64
01.05.2023 20:00,125.80
01.05.2023 21:00,121.72
01.05.2023 22:00,117.90
01.05.2023 23:00,101.63
02.05.2023 00:00,98.48
02.05.2023 01:00,85.60
02.05.2023 02:00,83.30
02.05.2023 03:00,80.90
02.05.2023 04:00,81.22
02.05.2023 05:00,90.39
02.05.2023 06:00,111.06
02.05.2023 07:00,127.42
02.05.2023 08:00,134.89
02.05.2023 09:00,122.99
02.05.2023 10:00,115.69
02.05.2023 11:00,108.96
02.05.2023 12:00,98.46
02.05.2023 13:00,92.76
02.05.2023 14:00,86.32
02.05.2023 15:00,80.92
02.05.2023 16:00,84.83
02.05.2023 17:00,94.43
02.05.2023 18:00,117.38
02.05.2023 19:00,130.00
02.05.2023 20:00,142.86
02.05.2023 21:00,133.69
02.05.2023 22:00,124.02
02.05.2023 23:00,113.80
03.05.2023 00:00,107.43
03.05.2023 01:00,102.42
03.05.2023 02:00,100.97
03.05.2023 03:00,97.80
03.05.2023 04:00,99.95
03.05.2023 05:00,107.51
03.05.2023 06:00,123.28
03.05.2023 07:00,133.02
03.05.2023 08:00,125.10
03.05.2023 09:00,110.10
03.05.2023 10:00,91.16
03.05.2023 11:00,84.16
03.05.2023 12:00,77.83
03.05.2023 13:00,80.02
03.05.2023 14:00,75.13
03.05.2023 15:00,73.50
03.05.2023 16:00,83.86
03.05.2023 17:00,97.59
03.05.2023 18:00,121.12
03.05.2023 19:00,140.08
03.05.2023 20:00,171.58
03.05.2023 21:00,132.25
03.05.2023 22:00,120.95
03.05.2023 23:00,114.73
04.05.2023 00:00,100.13
04.05.2023 01:00,95.24
04.05.2023 02:00,94.16
04.05.2023 03:00,95.26
04.05.2023 04:00,95.91
04.05.2023 05:00,106.94
04.05.2023 06:00,125.00
04.05.2023 07:00,130.00
04.05.2023 08:00,119.90
04.05.2023 09:00,104.42
04.05.2023 10:00,90.00
04.05.2023 11:00,79.60
04.05.2023 12:00,70.06
04.05.2023 13:00,60.21
04.05.2023 14:00,56.69
04.05.2023 15:00,65.28
04.05.2023 16:00,78.88
04.05.2023 17:00,99.60
04.05.2023 18:00,111.69
04.05.2023 19:00,118.17
04.05.2023 20:00,120.49
04.05.2023 21:00,114.74
04.05.2023 22:00,105.12
04.05.2023 23:00,93.02
05.05.2023 00:00,81.89
05.05.2023 01:00,77.05
05.05.2023 02:00,76.05
05.05.2023 03:00,76.97
05.05.2023 04:00,76.32
05.05.2023 05:00,85.42
05.05.2023 06:00,94.02
05.05.2023 07:00,101.94
05.05.2023 08:00,83.63
05.05.2023 09:00,65.12
05.05.2023 10:00,37.35
05.05.2023 11:00,13.26
05.05.2023 12:00,6.10
05.05.2023 13:00,6.00
05.05.2023 14:00,6.02
05.05.2023 15:00,6.41
05.05.2023 16:00,21.16
05.05.2023 17:00,77.93
05.05.2023 18:00,79.36
05.05.2023 19:00,78.58
05.05.2023 20:00,77.84
05.05.2023 21:00,81.43
05.05.2023 22:00,78.12
05.05.2023 23:00,72.65
06.05.2023 00:00,75.15
06.05.2023 01:00,72.63
06.05.2023 02:00,77.46
06.05.2023 03:00,78.33
06.05.2023 04:00,81.02
06.05.2023 05:00,81.75
06.05.2023 06:00,82.07
06.05.2023 07:00,88.12
06.05.2023 08:00,84.60
06.05.2023 09:00,85.87
06.05.2023 10:00,79.12
06.05.2023 11:00,72.63
06.05.2023 12:00,70.31
06.05.2023 13:00,55.75
06.05.2023 14:00,50.00
06.05.2023 15:00,63.16
06.05.2023 16:00,72.85
06.05.2023 17:00,82.20
06.05.2023 18:00,86.22
06.05.2023 19:00,88.61
06.05.2023 20:00,95.57
06.05.2023 21:00,97.26
06.05.2023 22:00,95.69
06.05.2023 23:00,89.42
07.05.2023 00:00,89.78
07.05.2023 01:00,83.50
07.05.2023 02:00,82.66
07.05.2023 03:00,83.51
07.05.2023 04:00,82.94
07.05.2023 05:00,84.07
07.05.2023 06:00,83.14
07.05.2023 07:00,81.87
07.05.2023 08:00,75.87
07.05.2023 09:00,67.60
07.05.2023 10:00,33.90
07.05.2023 11:00,5.09
07.05.2023 12:00,-0.04
07.05.2023 13:00,-0.99
07.05.2023 14:00,-0.03
07.05.2023 15:00,15.44
07.05.2023 16:00,56.62
07.05.2023 17:00,75.97
07.05.2023 18:00,94.94
07.05.2023 19:00,97.76
07.05.2023 20:00,97.87
07.05.2023 21:00,97.94
07.05.2023 22:00,96.09
07.05.2023 23:00,95.05
08.05.2023 00:00,85.92
08.05.2023 01:00,83.93
08.05.2023 02:00,83.78
08.05.2023 03:00,83.13
08.05.2023 04:00,84.09
08.05.2023 05:00,88.00
08.05.2023 06:00,103.29
08.05.2023 07:00,117.87
08.05.2023 08:00,110.97
08.05.2023 09:00,97.61
08.05.2023 10:00,89.63
08.05.2023 11:00,79.68
08.05.2023 12:00,75.06
08.05.2023 13:00,69.48
08.05.2023 14:00,62.90
08.05.2023 15:00,60.21
08.05.2023 16:00,73.54
08.05.2023 17:00,87.64
08.05.2023 18:00,92.47
08.05.2023 19:00,93.98
08.05.2023 20:00,100.57
08.05.2023 21:00,99.90
08.05.2023 22:00,92.03
08.05.2023 23:00,82.06
09.05.2023 00:00,82.07
09.05.2023 01:00,79.10
09.05.2023 02:00,79.22
09.05.2023 03:00,81.47
09.05.2023 04:00,82.52
09.05.2023 05:00,85.94
09.05.2023 06:00,95.14
09.05.2023 07:00,93.26
09.05.2023 08:00,93.42
09.05.2023 09:00,92.03
09.05.2023 10:00,83.87
09.05.2023 11:00,70.95
09.05.2023 12:00,65.76
09.05.2023 13:00,61.91
09.05.2023 14:00,68.29
09.05.2023 15:00,76.02
09.05.2023 16:00,76.89
09.05.2023 17:00,92.59
09.05.2023 18:00,92.00
09.05.2023 19:00,95.37
09.05.2023 20:00,92.57
09.05.2023 21:00,92.40
09.05.2023 22:00,87.65
09.05.2023 23:00,80.86
10.05.2023 00:00,68.80
10.05.2023 01:00,65.33
10.05.2023 02:00,64.44
10.05.2023 03:00,63.81
10.05.2023 04:00,64.18
10.05.2023 05:00,70.06
10.05.2023 06:00,78.67
10.05.2023 07:00,84.57
10.05.2023 08:00,84.92
10.05.2023 09:00,84.31
10.05.2023 10:00,79.25
10.05.2023 11:00,79.35
10.05.2023 12:00,77.62
10.05.2023 13:00,80.53
10.05.2023 14:00,81.38
10.05.2023 15:00,83.92
10.05.2023 16:00,78.55
10.05.2023 17:00,100.37
10.05.2023 18:00,120.00
10.05.2023 19:00,135.73
10.05.2023 20:00,147.42
10.05.2023 21:00,134.29
10.05.2023 22:00,117.59
10.05.2023 23:00,109.84
11.05.2023 00:00,100.00
11.05.2023 01:00,96.94
11.05.2023 02:00,96.00
11.05.2023 03:00,97.28
11.05.2023 04:00,97.90
11.05.2023 05:00,104.23
11.05.2023 06:00,121.11
11.05.2023 07:00,148.33
11.05.2023 08:00,167.78
11.05.2023 09:00,135.47
11.05.2023 10:00,126.71
11.05.2023 11:00,115.79
11.05.2023 12:00,104.53
11.05.2023 13:00,100.01
11.05.2023 14:00,99.37
11.05.2023 15:00,109.51
11.05.2023 16:00,113.54
11.05.2023 17:00,115.27
11.05.2023 18:00,123.63
11.05.2023 19:00,147.00
11.05.2023 20:00,132.80
11.05.2023 21:00,118.40
11.05.2023 22:00,113.99
11.05.2023 23:00,101.66
12.05.2023 00:00,98.53
12.05.2023 01:00,90.55
12.05.2023 02:00,89.84
12.05.2023 03:00,90.00
12.05.2023 04:00,90.80
12.05.2023 05:00,98.68
12.05.2023 06:00,116.99
12.05.2023 07:00,130.00
12.05.2023 08:00,137.98
12.05.2023 09:00,113.30
12.05.2023 10:00,101.60
12.05.2023 11:00,97.48
12.05.2023 12:00,74.97
12.05.2023 13:00,64.10
12.05.2023 14:00,62.51
12.05.2023 15:00,69.55
12.05.2023 16:00,80.62
12.05.2023 17:00,94.01
12.05.2023 18:00,106.63
12.05.2023 19:00,119.62
12.05.2023 20:00,122.12
12.05.2023 21:00,115.80
12.05.2023 22:00,101.18
12.05.2023 23:00,97.82
13.05.2023 00:00,104.91
13.05.2023 01:00,98.29
13.05.2023 02:00,94.84
13.05.2023 03:00,96.14
13.05.2023 04:00,96.54
13.05.2023 05:00,97.83
13.05.2023 06:00,96.96
13.05.2023 07:00,94.72
13.05.2023 08:00,94.47
13.05.2023 09:00,89.08
13.05.2023 10:00,71.35
13.05.2023 11:00,30.12
13.05.2023 12:00,15.53
13.05.2023 13:00,5.55
13.05.2023 14:00,5.06
13.05.2023 15:00,6.17
13.05.2023 16:00,27.72
13.05.2023 17:00,75.41
13.05.2023 18:00,84.51
13.05.2023 19:00,108.62
13.05.2023 20:00,118.60
13.05.2023 21:00,113.48
13.05.2023 22:00,109.96
13.05.2023 23:00,104.97
14.05.2023 00:00,102.37
14.05.2023 01:00,98.18
14.05.2023 02:00,94.30
14.05.2023 03:00,85.37
14.05.2023 04:00,86.42
14.05.2023 05:00,95.08
14.05.2023 06:00,81.33
14.05.2023 07:00,73.87
14.05.2023 08:00,75.69
14.05.2023 09:00,54.90
14.05.2023 10:00,25.09
14.05.2023 11:00,13.89
14.05.2023 12:00,9.73
14.05.2023 13:00,1.85
14.05.2023 14:00,0.16
14.05.2023 15:00,1.78
14.05.2023 16:00,32.29
14.05.2023 17:00,90.50
14.05.2023 18:00,105.63
14.05.2023 19:00,116.00
14.05.2023 20:00,127.13
14.05.2023 21:00,127.99
14.05.2023 22:00,119.14
14.05.2023 23:00,107.92
15.05.2023 00:00,119.04
15.05.2023 01:00,107.61
15.05.2023 02:00,103.54
15.05.2023 03:00,108.87
15.05.2023 04:00,108.03
15.05.2023 05:00,126.15
15.05.2023 06:00,151.03
15.05.2023 07:00,168.79
15.05.2023 08:00,149.12
15.05.2023 09:00,124.81
15.05.2023 10:00,105.58
15.05.2023 11:00,99.62
15.05.2023 12:00,94.75
15.05.2023 13:00,90.77
15.05.2023 14:00,89.42
15.05.2023 15:00,90.54
15.05.2023 16:00,87.95
15.05.2023 17:00,100.05
15.05.2023 18:00,117.84
15.05.2023 19:00,124.98
15.05.2023 20:00,129.20
15.05.2023 21:00,122.32
15.05.2023 22:00,110.00
15.05.2023 23:00,93.79
16.05.2023 00:00,75.59
16.05.2023 01:00,71.34
16.05.2023 02:00,68.33
16.05.2023 03:00,62.04
16.05.2023 04:00,64.32
16.05.2023 05:00,69.15
16.05.2023 06:00,87.79
16.05.2023 07:00,77.09
16.05.2023 08:00,77.01
16.05.2023 09:00,73.51
16.05.2023 10:00,71.42
16.05.2023 11:00,61.65
16.05.2023 12:00,49.78
16.05.2023 13:00,39.19
16.05.2023 14:00,19.99
16.05.2023 15:00,12.59
16.05.2023 16:00,41.23
16.05.2023 17:00,59.79
16.05.2023 18:00,59.79
16.05.2023 19:00,59.33
16.05.2023 20:00,56.78
16.05.2023 21:00,48.53
16.05.2023 22:00,28.47
16.05.2023 23:00,14.57
17.05.2023 00:00,19.00
17.05.2023 01:00,30.16
17.05.2023 02:00,30.16
17.05.2023 03:00,30.16
17.05.2023 04:00,30.17
17.05.2023 05:00,34.76
17.05.2023 06:00,43.60
17.05.2023 07:00,50.64
17.05.2023 08:00,54.21
17.05.2023 09:00,50.44
17.05.2023 10:00,48.54
17.05.2023 11:00,36.38
17.05.2023 12:00,3.62
17.05.2023 13:00,0.05
17.05.2023 14:00,0.08
17.05.2023 15:00,2.02
17.05.2023 16:00,20.00
17.05.2023 17:00,58.99
17.05.2023 18:00,65.02
17.05.2023 19:00,70.45
17.05.2023 20:00,114.41
17.05.2023 21:00,127.04
17.05.2023 22:00,108.34
17.05.2023 23:00,100.47
18.05.2023 00:00,100.59
18.05.2023 01:00,94.90
18.05.2023 02:00,89.24
18.05.2023 03:00,88.92
18.05.2023 04:00,94.38
18.05.2023 05:00,98.40
18.05.2023 06:00,100.42
18.05.2023 07:00,94.83
18.05.2023 08:00,90.29
18.05.2023 09:00,80.34
18.05.2023 10:00,72.06
18.05.2023 11:00,65.03
18.05.2023 12:00,62.87
18.05.2023 13:00,43.52
18.05.2023 14:00,29.41
18.05.2023 15:00,43.08
18.05.2023 16:00,71.56
18.05.2023 17:00,84.59
18.05.2023 18:00,103.08
18.05.2023 19:00,115.53
18.05.2023 20:00,125.87
18.05.2023 21:00,117.18
18.05.2023 22:00,109.61
18.05.2023 23:00,98.76
19.05.2023 00:00,93.02
19.05.2023 01:00,83.20
19.05.2023 02:00,80.23
19.05.2023 03:00,77.03
19.05.2023 04:00,84.16
19.05.2023 05:00,99.33
19.05.2023 06:00,111.00
19.05.2023 07:00,109.97
19.05.2023 08:00,106.00
19.05.2023 09:00,93.89
19.05.2023 10:00,70.37
19.05.2023 11:00,60.56
19.05.2023 12:00,60.91
19.05.2023 13:00,57.79
19.05.2023 14:00,57.93
19.05.2023 15:00,63.62
19.05.2023 16:00,72.15
19.05.2023 17:00,87.19
19.05.2023 18:00,103.67
19.05.2023 19:00,116.29
19.05.2023 20:00,115.93
19.05.2023 21:00,105.02
19.05.2023 22:00,99.79
19.05.2023 23:00,85.78
20.05.2023 00:00,78.74
20.05.2023 01:00,74.00
20.05.2023 02:00,68.08
20.05.2023 03:00,65.83
20.05.2023 04:00,65.05
20.05.2023 05:00,65.70
20.05.2023 06:00,62.08
20.05.2023 07:00,62.46
20.05.2023 08:00,59.76
20.05.2023 09:00,40.04
20.05.2023 10:00,4.44
20.05.2023 11:00,0.28
20.05.2023 12:00,-1.43
20.05.2023 13:00,-1.27
20.05.2023 14:00,-0.09
20.05.2023 15:00,0.00
20.05.2023 16:00,1.32
20.05.2023 17:00,25.94
20.05.2023 18:00,53.68
20.05.2023 19:00,78.44
20.05.2023 20:00,87.69
20.05.2023 21:00,81.06
20.05.2023 22:00,78.60
20.05.2023 23:00,73.02
21.05.2023 00:00,52.20
21.05.2023 01:00,40.04
21.05.2023 02:00,33.88
21.05.2023 03:00,28.76
21.05.2023 04:00,29.95
21.05.2023 05:00,28.26
21.05.2023 06:00,30.79
21.05.2023 07:00,27.55
21.05.2023 08:00,20.00
21.05.2023 09:00,2.14
21.05.2023 10:00,0.00
21.05.2023 11:00,-0.48
21.05.2023 12:00,-7.92
21.05.2023 13:00,-25.03
21.05.2023 14:00,-41.37
21.05.2023 15:00,-19.58
21.05.2023 16:00,-0.41
21.05.2023 17:00,2.22
21.05.2023 18:00,41.34
21.05.2023 19:00,85.49
21.05.2023 20:00,90.87
21.05.2023 21:00,88.82
21.05.2023 22:00,87.78
21.05.2023 23:00,76.91
22.05.2023 00:00,73.13
22.05.2023 01:00,71.39
22.05.2023 02:00,72.32
22.05.2023 03:00,71.81
22.05.2023 04:00,72.99
22.05.2023 05:00,86.72
22.05.2023 06:00,110.26
22.05.2023 07:00,118.31
22.05.2023 08:00,113.42
22.05.2023 09:00,102.31
22.05.2023 10:00,86.97
22.05.2023 11:00,73.36
22.05.2023 12:00,63.07
22.05.2023 13:00,62.87
22.05.2023 14:00,66.38
22.05.2023 15:00,68.25
22.05.2023 16:00,70.80
22.05.2023 17:00,78.70
22.05.2023 18:00,90.00
22.05.2023 19:00,108.01
22.05.2023 20:00,119.00
22.05.2023 21:00,112.80
22.05.2023 22:00,104.24
22.05.2023 23:00,84.48
23.05.2023 00:00,70.54
23.05.2023 01:00,65.71
23.05.2023 02:00,65.51
23.05.2023 03:00,62.12
23.05.2023 04:00,61.73
23.05.2023 05:00,61.73
23.05.2023 06:00,97.50
23.05.2023 07:00,104.14
23.05.2023 08:00,101.00
23.05.2023 09:00,85.27
23.05.2023 10:00,48.99
23.05.2023 11:00,43.69
23.05.2023 12:00,26.62
23.05.2023 13:00,19.52
23.05.2023 14:00,5.55
23.05.2023 15:00,3.54
23.05.2023 16:00,12.81
23.05.2023 17:00,52.37
23.05.2023 18:00,62.83
23.05.2023 19:00,68.88
23.05.2023 20:00,69.49
23.05.2023 21:00,70.66
23.05.2023 22:00,70.79
23.05.2023 23:00,65.73
24.05.2023 00:00,66.30
24.05.2023 01:00,66.01
24.05.2023 02:00,66.86
24.05.2023 03:00,67.52
24.05.2023 04:00,73.94
24.05.2023 05:00,84.33
24.05.2023 06:00,106.78
24.05.2023 07:00,121.47
24.05.2023 08:00,109.66
24.05.2023 09:00,97.70
24.05.2023 10:00,85.92
24.05.2023 11:00,81.00
24.05.2023 12:00,80.58
24.05.2023 13:00,71.08
24.05.2023 14:00,75.21
24.05.2023 15:00,67.60
24.05.2023 16:00,78.26
24.05.2023 17:00,78.97
24.05.2023 18:00,109.97
24.05.2023 19:00,136.00
24.05.2023 20:00,142.00
24.05.2023 21:00,148.40
24.05.2023 22:00,114.64
24.05.2023 23:00,84.73
25.05.2023 00:00,65.78
25.05.2023 01:00,61.54
25.05.2023 02:00,56.67
25.05.2023 03:00,50.40
25.05.2023 04:00,48.70
25.05.2023 05:00,50.40
25.05.2023 06:00,70.80
25.05.2023 07:00,70.05
25.05.2023 08:00,72.16
25.05.2023 09:00,61.61
25.05.2023 10:00,58.81
25.05.2023 11:00,45.00
25.05.2023 12:00,32.76
25.05.2023 13:00,9.25
25.05.2023 14:00,-0.16
25.05.2023 15:00,-0.13
25.05.2023 16:00,9.99
25.05.2023 17:00,41.00
25.05.2023 18:00,57.11
25.05.2023 19:00,59.87
25.05.2023 20:00,64.57
25.05.2023 21:00,106.08
25.05.2023 22:00,65.41
25.05.2023 23:00,59.32
